OSHPD_ID,FACILITY_NAME,LICENSE_NUM,FACILITY_LEVEL_DESC,DBA_ADDRESS1,DBA_CITY,DBA_ZIP_CODE,COUNTY_NAME,ER_SERVICE_LEVEL_DESC,TOTAL_NUMBER_BEDS,LICENSE_CATEGORY_DESC,Hospital_Business_Phone,Chief_Executive_Officer,Title,Hospital_Web-Site_Address,Name_of_Owner,Software_Version,Active_Medical_Staff_Hospital_Based_Board_Certified_Anesthesiology,Active_Medical_Staff_Hospital_Based_Board_Certified_General/Family_Practice,Active_Medical_Staff_Hospital_Based_Board_Certified_Total,Type_of_Control_Church,Type_of_Control_Non-Profit_Corporation,Type_of_Control_Non-Profit_Other,Type_of_Control_Investor_-_Individual,Type_of_Control_Investor_-_Partnership,Type_of_Control_Investor_-_Corporation,Type_of_Control_State,Type_of_Control_County,Type_of_Control_City/County,Type_of_Control_City,Type_of_Control_District,Procedures_Total_Cardiology_Services,Procedures_Total_Gastro-Intestinal_Services,Sessions_Total_Physical_Therapy,Sessions_Total_Occupational_Therapy,Discharges_Total,Visits_Outpatient_Emergency_Services,Outpatient_Visits_Medi-Cal_-_Managed_Care_Emergency_Svcs.__(incl._Psych_ER),Outpatient_Visits_Medi-Cal_-_Managed_Care_Total,Balance_Sheet_Assets_Total_Assets,Income_Statement_Net_Patient_Revenue,Income_Statement_Other_Operating_Revenue,Income_Statement_Total_Operating_Revenue,Income_Statement_Operating_Expenses_Administrative_Services,Income_Statement_Total_Operating_Expenses,Income_Statement_Net_from_Operations,Summary_of_Revenue_and_Costs_Average_Patient_Care_Costs_Per_Unit_Medical/Surgical_Intensive_Care,Summary_of_Revenue_and_Costs_Average_Patient_Care_Costs_Per_Unit_Magnetic_Resonance_Imaging,Summary_of_Revenue_and_Costs_Average_Patient_Care_Costs_Per_Unit_Computed_Tomographic_Scanner,Summary_of_Revenue_and_Costs_Gross_Revenue_Radiology_-_Diagnostic,Summary_of_Revenue_and_Costs_Gross_Revenue_Drugs_Sold_to_Patients,Summary_of_Revenue_and_Costs_Gross_Revenue_Total_Ancillary_Services,Summary_of_Revenue_and_Costs_Gross_Revenue_Total_Operating_Revenue_and_Expense,Average_Hourly_Rate_Management_and_Supervision_Total_Daily_Hospital_Services,Average_Hourly_Rate_Management_and_Supervision_Emergency_Services,Average_Hourly_Rate_Registered_Nurses_Total_Daily_Hospital_Services,Average_Hourly_Rate_Registered_Nurses_Emergency_Services,Average_Hourly_Rate_Aides_and_Orderlies_Total_Daily_Hospital_Services,Average_Hourly_Rate_Clerical_and_Other_Administrative_Emergency_Services,AMI_RAMR,AMI_Deaths,AMI_Numcase,STROKE_RAMR,STROKE_Death,STROKE_NumCase,HFAIL_RAMR,HFAIL_deaths,HFAIL_NumCase
106074097,KAISER FOUNDATION HOSPITAL - ANTIOCH,550000614,Parent Facility,4501 SAND CREEK ROAD,ANTIOCH,94531,CONTRA COSTA,Emergency - Basic,150,General Acute Care Hospital,(510) 987-3380,BERNARD TYSON,CHAIRMAN,WWW.KP.ORG,KAISER FOUNDATION HOSPITAL,HFS,41,19,664,,1,,,,,,,,,,,,12882,,8017,42468,6038,6250,,,,,,,,,,,,,,,,,,,,,1.1,1,46,7.2,24,161,1.3,5,194
106014132,KAISER FOUNDATION HOSPITAL - FREMONT,140000053,Parent Facility,39400 PASEO PADRE PARKWAY,FREMONT,94538,ALAMEDA,Emergency - Basic,106,General Acute Care Hospital,(510) 987-3380,BERNARD TYSON,CHAIRMAN,WWW.KP.ORG,KAISER FOUNDATION HOSPITALS,HFS,27,,487,,1,,,,,,,,,,,,15239,,7246,50942,5879,6246,,,,,,,,,,,,,,,,,,,,,2.2,1,42,8.4,10,70,3.9,9,109
106100797,ADVENTIST MEDICAL CENTER - REEDLEY,040000149,Parent Facility,372 WEST CYPRESS AVENUE,REEDLEY,93654,FRESNO,Emergency - Standby,49,General Acute Care Hospital,(559) 638-8155,WAYNE FERCH,CEO,WWW.ADVENTISTHEALTHCV.COM,ADVENTIST HEALTH,HFS,,3,11,1,,,,,,,,,,,,,22140,,2051,23049,11394,97245,53216925,52705749,1991902,54697651,8525824,57314304,-2616653,,,275.37,14715054,5868839,79149657,159081637,52.58,62.36,49.46,50.91,15.18,15.9,0,0,5,0,0,14,0,0,10
106190400,HUNTINGTON MEMORIAL HOSPITAL,930000372,Parent Facility,100 W. CALIFORNIA BOULEVARD,PASADENA,91105,LOS ANGELES,Emergency - Basic,619,General Acute Care Hospital,(626) 397-5000,STEPHEN A. RALPH,CHIEF EXEC OFFICER,WWW.HUNTINGTONHOSPITAL.COM,"PASADENA HOSPITAL ASSOCIATION, LTD",HFS,52,,129,,1,,,,,,,,,,58078,3065,120791,31264,25491,47256,11585,11967,828899544,513846444,24576089,538422533,97129689,547675820,-9253287,2459.86,558.2,265.14,78817788,257612157,1552190428,2223039612,60.52,56.23,51.45,53.42,19.5,20.89,5.4,14,224,6.5,25,344,1.6,9,374
106554011,SONORA REGIONAL MEDICAL CENTER - GREENLEY,030000094,Parent Facility,1000 GREENLEY ROAD,SONORA,95370,TUOLUMNE,Emergency - Basic,72,General Acute Care Hospital,(209) 536-5000,ANDREW JAHN,PRESIDENT AND CEO,WWW.SONORAMEDICALCENTER.ORG,ADVENTIST HEALTH,HFS,5,,44,1,,,,,,,,,,,13424,3356,82403,2732,4931,27565,7684,28992,162182357,223809905,2844320,226654225,24119100,208230487,18423738,2193.54,276.28,196.79,24937519,132034577,622422609,846482537,61.18,71.27,49.12,50.85,17.15,19.7,0,0,16,6.6,5,70,1.6,3,114
106314024,KAISER FOUNDATION HOSPITAL - ROSEVILLE,550001681,Parent Facility,1600 EUREKA ROAD,ROSEVILLE,95661,PLACER,Emergency - Basic,340,General Acute Care Hospital,(916) 784-4000,BERNARD TYSON,CHAIRMAN,WWW.KP.ORG,KAISER FOUNDATION HOSPITALS,HFS,33,116,1119,,1,,,,,,,,,,,,26990,,17990,81627,9846,10700,,,,,,,,,,,,,,,,,,,,,5.5,14,230,10.8,23,237,1.8,12,360
106190687,SANTA MONICA - UCLA MEDICAL CENTER AND ORTHOPAEDIC HOSPITAL,930000146,Parent Facility,1250 16TH STREET,SANTA MONICA,90404,LOS ANGELES,Emergency - Basic,265,General Acute Care Hospital,(310) 319-4000,"DAVID FEINBERG, M.D.",CEO,WWW.MEDNET.UCLA.EDU,REGENTS OF THE UNIVERSITY OF CALIFORNIA,HFS,64,91,973,,1,,,,,,,,,,28104,6474,114078,,16779,32594,5459,7056,818073087,416963912,11551945,428515857,48068712,391791520,36724337,2817.27,267.61,178.04,35110316,89397177,588521893,1124220182,67.29,76.5,57.5,54.28,22.19,20.56,3.8,8,128,2.9,2,90,1,5,266
106301209,HUNTINGTON BEACH HOSPITAL,060000124,Parent Facility,17772 BEACH BOULEVARD,HUNTINGTON BEACH,92647,ORANGE,Emergency - Basic,131,General Acute Care Hospital,(714) 942-1473,VIRG NARBUTAS,CEO,WWW.HBHOSPITAL.COM,"PRIME HEALTHCARE SERVICES, INC.",HFS,2,,12,,,1,,,,,,,,,7730,457,9559,,3454,14385,4936,5031,94951132,45597518,250704,45848222,10978507,48615845,-2767623,2023.09,1005,200.16,4032655,20771385,103172653,204026657,50.81,51.96,38.71,40.73,14.92,16.69,1.7,1,32,0,0,20,1.9,4,83
106190636,CITRUS VALLEY MEDICAL CENTER - QV CAMPUS,930000131,Parent Facility,1115 SOUTH SUNSET AVENUE,WEST COVINA,91790,LOS ANGELES,Emergency - Basic,325,General Acute Care Hospital,(626) 858-8541,ROBERT CURRY,PRESIDENT/CEO,CVHP.ORG,CITRUS VALLEY HEALTH PARTNERS,HFS,,,,,1,,,,,,,,,,47565,6387,79197,39396,24974,94424,36047,42473,341598396,391308623,5970175,397278798,82589087,370373995,26904803,2164.92,534.31,260.67,50304445,140596490,816124283,1192057240,60.19,66.44,52.75,53.52,16.59,20.26,4.1,3,31,8.3,21,244,1.4,5,261
106331194,HEMET VALLEY MEDICAL CENTER,250000145,Parent Facility,1117 EAST DEVONSHIRE,HEMET,92543,RIVERSIDE,Emergency - Basic,327,General Acute Care Hospital,(951) 652-2811,JOEL M BERGENFELD,CEO,WWW.HEMETVALLEYMEDICALCENTER.COM,"PHYSICIANS FOR HEALTHY HOSPITALS, INC.",HFS,5,,25,,,,,,1,,,,,,29710,1479,30528,3642,11023,49953,18693,20918,58285570,133752605,1566885,135319490,19878073,128082435,7237055,2100.18,988.36,71.7,20550666,46900636,532318116,811644914,51.64,59.93,43.71,47.79,16.33,16.74,3.9,7,70,5.8,3,76,1.4,7,350
106190382,HOLLYWOOD PRESBYTERIAN MEDICAL CENTER,930000067,Parent Facility,1300 NORTH VERMONT AVENUE,LOS ANGELES,90027,LOS ANGELES,Emergency - Basic,434,General Acute Care Hospital,(213) 413-3000,ALLEN STEFANEK,CEO,WWW.HOLLYWOODPRESBYTERIAN.COM,"CHA HOLLYWOOD PRESBYTERIAN MEDICAL CENTER, LP",HFS,13,,65,,,,,,,,,,1,,31737,5692,54243,30356,12995,30138,12025,17924,173947121,249533659,1375682,250909341,55203786,231472326,19437015,2290.34,608.04,162.57,38759137,105012929,717917962,970317734,64.23,50.55,51.89,51.07,18.46,23.08,3.7,6,158,10.9,23,160,0.9,3,232
106190432,KAISER FOUNDATION HOSPITAL - PANORAMA CITY,930000080,Parent Facility,13652 CANTARA STREET,PANORAMA CITY,91402,LOS ANGELES,Emergency - Basic,218,General Acute Care Hospital,(818) 375-2295,BERNARD TYSON,CHAIRMAN,WWW.KP.ORG,KAISER FOUNDATION HOSPITALS,HFS,10,18,391,,1,,,,,,,,,,,,91195,5265,9460,54679,9019,9429,,,,,,,,,,,,,,,,,,,,,1.8,2,83,4.5,5,116,1.7,6,182
106190762,ST. VINCENT MEDICAL CENTER,930000161,Parent Facility,2131 WEST 3RD STREET,LOS ANGELES,90057,LOS ANGELES,Emergency - Standby,366,General Acute Care Hospital,(213) 484-7111,CATHY FICKES,CEO,,DAUGHTERS OF CHARITY HEALTH SYSTEM,HFS,7,,11,1,,,,,,,,,,,15256,4677,162057,,8245,11759,3248,9931,137655113,183189799,3657799,186847598,34567021,229806233,-42958635,3316.98,667.23,183.17,67943315,70966397,742574242,1040562526,74.89,75.53,56.34,56.07,15.71,20.76,2.8,7,150,3.2,3,99,2.4,10,269
106310791,SUTTER AUBURN FAITH HOSPITAL,030000012,Parent Facility,11815 EDUCATION STREET,AUBURN,95602,PLACER,Emergency - Basic,64,General Acute Care Hospital,(530) 888-4500,MITCH HANNA,CHIEF ADMINISTRATOR,SUTTERAUBURNFAITHHOSPITAL.COM,SUTTER HEALTH,HFS,,,15,,1,,,,,,,,,,8387,3311,22089,2351,3354,23339,6097,8838,77917530,119121475,1387561,120509036,21222764,118933299,1575737,3893.85,439,345.99,4588048,54797801,253183544,394309671,67.14,68.92,66.55,65.22,22.9,24.17,12.1,5,14,8.7,3,62,1.1,2,85
106420483,GOLETA VALLEY COTTAGE HOSPITAL,050000034,Parent Facility,351 SOUTH PATTERSON AVENUE,SANTA BARBARA,93111,SANTA BARBARA,Emergency - Basic,52,General Acute Care Hospital,(805) 967-3411,RONALD C. WERFT,PRESIDENT/C.E.O.,COTTAGEHEALTHSYSTEM.ORG,GOLETA VALLEY COTTAGE HOSPITAL,HFS,10,,19,,,1,,,,,,,,,3797,,24231,4835,1585,17811,2322,3983,135731686,76108989,1479662,77588651,10232881,65679304,11909347,3513.24,615.9,137.28,4717362,17824103,154412223,196550116,76.87,74.35,56.97,56.19,20.67,18.71,.,.,.,.,.,.,0,0,8
106301262,MISSION HOSPITAL REGIONAL MEDICAL CENTER,060000146,Parent Facility,27700 MEDICAL CENTER ROAD,MISSION VIEJO,92691,ORANGE,Emergency - Basic,345,General Acute Care Hospital,(949) 364-1400,KENNETH MCFARLAND,CHIEF EXECUTIVE OFFICER,WWW.MISSION4HEALTH.COM,ST JOSEPH HEALTH SYSTEM,KPMG,29,,98,,1,,,,,,,,,,64209,6360,97957,,19789,55900,5600,11318,660723660,461647605,11157332,472804937,75687707,429049899,43755038,2640.37,658.63,172.11,77768479,133550617,1274676375,1846789327,63.48,58.62,50.82,48.45,21.9,25.63,4.9,15,249,6.2,29,286,1.7,13,279
106361266,MOUNTAINS COMMUNITY HOSPITAL,240000176,Parent Facility,29101 HOSPITAL ROAD,LAKE ARROWHEAD,92352,SAN BERNARDINO,Emergency - Standby,37,General Acute Care Hospital,(909) 336-3651,CHARLES HARRISON,ADMINISTRATOR,MCHCARES.COM,SAN BERNARDINO MOUNTAINS COMMUNITY HOSPITAL DISTRICT,HFS,,,3,,,,,,,,,,,1,,,5167,78,294,6868,897,3579,16678632,14419653,434027,14853680,2357497,17768586,-2914906,,,,8617913,3378512,19774795,36611921,39.63,47.94,39.27,40.52,15.07,,.,.,.,.,.,.,0,0,8
106370875,SHARP CHULA VISTA MEDICAL CENTER,090000008,Parent Facility,751 MEDICAL CENTER COURT,CHULA VISTA,91911,SAN DIEGO,Emergency - Basic,343,General Acute Care Hospital,(619) 502-3664,PABLO VELEZ,CEO,WWW.SHARP.COM/HOSPITALS/CHULA-VISTA,SHARP HEALTHCARE CORPORATION,HFS,9,,64,,1,,,,,,,,,,48440,32112,96151,36297,14905,51507,9679,24541,269930117,298494439,3597824,302092263,42009771,303664412,-1572149,2458.75,792.72,272.62,40354155,294279087,1117752715,1643780204,61.13,63.71,50.94,46.89,16.81,19.01,5.4,13,186,8.1,23,250,1.4,12,538
106440755,DOMINICAN HOSPITAL,070000030,Parent Facility,1555 SOQUEL DRIVE,SANTA CRUZ,95065,SANTA CRUZ,Emergency - Basic,223,General Acute Care Hospital,(831) 462-7700,"NANETTE MICKIEWICZ, MD",CEO,WWW.DOMINICANHOSPITAL.ORG,DIGINITY HEALTH,KPMG,11,,27,1,,,,,,,,,,,38840,2128,102646,83131,10318,35831,5948,38511,446206151,349078956,3926895,353005851,57203387,307968730,45037121,3908.8,392.02,355.29,36625759,157661983,859835420,1402165785,76.02,76.7,76.43,83.1,30.83,34.88,6.2,10,193,8.3,14,175,3,10,299
106500867,EMANUEL MEDICAL CENTER,030000035,Parent Facility,825 DELBON AVENUE,TURLOCK,95382,STANISLAUS,Emergency - Basic,209,General Acute Care Hospital,(209) 667-4200,LINDA M. STUHMER,CEO,WWW.EMANUEL.ORG,EMANUEL MEDICAL CENTER,HFS,9,12,94,1,,,,,,,,,,,9604,861,13492,3904,4939,27824,12651,16503,153882982,101582939,1096024,102678963,19006230,102396772,282191,2882.94,859.78,61.81,43421113,73847400,438378082,620874833,62.08,72.97,53.19,54.4,15.91,,5.5,14,274,6.3,4,58,1.3,4,300
106270875,SALINAS VALLEY MEMORIAL HOSPITAL,070000083,Parent Facility,450 EAST ROMIE LANE,SALINAS,93901,MONTEREY,Emergency - Basic,263,General Acute Care Hospital,(831) 757-4333,PETE DELGADO,PRESIDENT/CEO,WWW.SVMH.COM,SALINAS VALLEY MEMORIAL HOSPITAL DISTRICT,HFS,15,19,218,,,,,,,,,,,1,23449,,32615,11989,10060,40731,13703,22423,462459980,327423368,4893995,332317363,35559859,317159614,15157749,3692.02,1535.33,268.17,38270713,129404143,664812982,954517532,84.08,,77.76,76.68,28.98,,4.8,14,227,6.3,17,213,1.9,8,245
106090793,BARTON MEMORIAL HOSPITAL,030000013,Parent Facility,2170 SOUTH AVENUE,SOUTH LAKE TAHOE,96150,EL DORADO,Emergency - Basic,111,General Acute Care Hospital,(530) 541-3420,JOHN G. WILLIAMS,CEO,WWW.BARTONHEALTH.ORG,BARTON HEALTHCARE SYSTEM,HFS,7,4,40,,1,,,,,,,,,,1038,1440,31848,5055,2201,17255,3660,17138,210749593,127157613,3231144,130388757,14912298,103844560,26544197,2567.35,405.19,241.81,10581350,25354282,216302977,316700590,47.72,82.89,26.14,29.02,11.97,12.81,.,.,.,0,0,5,3.2,1,28
106301175,FOUNTAIN VALLEY REGIONAL HOSPITAL & MEDICAL CENTER - EUCLID,060000109,Parent Facility,17100 EUCLID STREET,FOUNTAIN VALLEY,92708,ORANGE,Emergency - Basic,293,General Acute Care Hospital,(714) 966-7200,JOE BADALIAN,C.E.O,WWW.FOUNTAINVALLEYHOSPITAL.COM,TENET HEALTHCARE CORPORATION,KPMG,30,,40,,,,,,1,,,,,,42392,4822,91494,23683,18495,38645,17766,29539,309510207,334500491,2573101,337073592,73061123,330076039,6997553,1964.52,281.88,179.7,40689504,239659580,1628932445,2065689035,65.76,59.19,49.38,48.14,19.1,21.77,6.8,26,265,6.7,27,267,1.1,6,338
106344029,MERCY HOSPITAL OF FOLSOM,030000372,Parent Facility,1650 CREEKSIDE DRIVE,FOLSOM,95630,SACRAMENTO,Emergency - Basic,106,General Acute Care Hospital,(916) 938-7400,MICHAEL RICKS,PRESIDENT,WWW.MERCYFOLSOM.ORG,DIGNITY HEALTH,KPMG,,,76,1,,,,,,,,,,,14050,2571,58271,,6863,32110,6033,6510,196305622,178792156,4777944,183570100,28725867,145776596,37793504,3381.75,1032.65,,108072196,30527410,409341972,651786542,70.25,71.06,67.55,65.09,26.54,27.76,1.7,1,23,5.1,2,67,1.3,5,184
106194219,KECK HOSPITAL OF USC,930000459,Parent Facility,1500 SAN PABLO STREET,LOS ANGELES,90033,LOS ANGELES,,401,General Acute Care Hospital,(323) 442-8500,SCOTT EVANS,CHIEF EXECUTIVE OFFICER,WWW.KECKMEDICINE.ORG,UNIVERSITY OF SOUTHERN CALIFORNIA,KPMG,36,,135,,,1,,,,,,,,,3410,3220,73299,51199,11072,,,5206,1076403634,657883708,11422332,669306040,95418961,707734873,-38428833,3205.73,603.67,267.56,39464721,368458939,2020520911,2646413719,69.32,,52.88,,18.76,,7.5,5,63,6.2,43,298,4.2,11,147
106190315,GARFIELD MEDICAL CENTER,930000057,Parent Facility,525 NORTH GARFIELD AVENUE,MONTEREY PARK,91754,LOS ANGELES,Emergency - Basic,210,General Acute Care Hospital,(626) 307-2010,DAVID BATISTA,CEO,,GARFIELD MEDICAL CENTER,KPMG,1,,16,,,,,1,,,,,,,56944,3890,52591,12627,12430,19811,4417,8276,162706554,231770476,1614156,233384632,71112152,219244265,14140367,2399.78,770.31,658.11,20532070,332503503,1217572242,1579510322,58.8,23.77,48.52,51.29,15.72,17.27,6.7,16,223,5.1,12,247,1.1,5,323
106201281,MADERA COMMUNITY HOSPITAL,040000191,Parent Facility,1250 EAST ALMOND AVENUE,MADERA,93637,MADERA,Emergency - Basic,106,General Acute Care Hospital,(559) 675-5555,JOHN W FRYE,CEO,MADERAHOSPITAL.ORG,MADERA COMMUNITY HOSPITAL,HFS,,,8,,1,,,,,,,,,,,,1041,,4388,36731,14421,47130,75905064,69568112,3082370,72650482,10112464,79253879,-6603397,1697.12,628.63,138.88,7018422,31995944,119636440,185205937,54.63,49.17,40.46,40.43,13.18,12.71,0,0,64,6.7,1,24,3.3,2,78
106340950,MERCY SAN JUAN HOSPITAL,030000063,Parent Facility,6501 COYLE AVENUE,CARMICHAEL,95608,SACRAMENTO,Emergency - Basic,370,General Acute Care Hospital,(916) 537-5000,BRIAN IVIE,PRESIDENT,WWW.MERCYSANJUAN.ORG,DIGNITY HEALTH,KPMG,,,,1,,,,,,,,,,,46676,4336,89922,,24883,57512,17677,24779,375786910,547547245,3976893,551524138,81536052,529464186,22059952,3016.41,300.81,187.58,116096215,135759570,1560133096,2493448842,68.12,61.2,66.69,66.43,26.28,26.84,4.8,18,267,8.3,100,674,0.8,10,673
106370780,TRI-CITY MEDICAL CENTER,080000099,Parent Facility,4002 VISTA WAY,OCEANSIDE,92056,SAN DIEGO,Emergency - Basic,386,General Acute Care Hospital,(706) 724-8411,TIM MORAN,CEO,TRI-CITYMED.COM,TRI-CITY HOSPITAL DISTRICT,HFS,41,,77,,,,,,,,,,,1,60628,,142272,45906,15694,59161,11568,19976,226236870,304085269,3745935,307831204,35902830,319650762,-11819558,2157.17,335.98,379.31,42229446,225143451,977709375,1357142132,51.5,53.24,49.19,48.23,19.9,21.83,8.8,22,198,7.2,26,270,2.1,7,274
106420491,LOMPOC VALLEY MEDICAL CENTER,050000038,Parent Facility,1515 E. OCEAN AVENUE,LOMPOC,93436,SANTA BARBARA,Emergency - Basic,60,General Acute Care Hospital,(805) 737-3300,JAMES J. RAGGIO,ADMINISTRATOR,WWW.LOMPOCVMC.COM,LOMPOC VALLEY MEDICAL CENTER,HFS,2,,50,,,,,,,,,,,1,6519,,11229,6555,2611,20383,6314,13122,147058554,63985682,3341370,67327052,8850043,68690644,-1363592,2359.42,528.46,361.5,4445712,10791621,81477134,122533042,55.86,63.14,44.48,49.19,17.32,16.13,0,0,9,5,1,19,3.5,2,72
106040962,ENLOE MEDICAL CENTER- ESPLANADE,230000027,Parent Facility,1531 ESPLANADE,CHICO,95926,BUTTE,Emergency - Basic,228,General Acute Care Hospital,(530) 332-7300,MIKE WILTERMOOD,PRESIDENT/CEO,WWW.ENLOE.ORG,ENLOE MEDICAL CENTER,HFS,16,9,106,,1,,,,,,,,,,14032,7774,234264,68316,15321,38766,194,1354,522038099,427735449,2852716,430588165,54923658,443323735,-12735570,3356.45,313.73,238.27,79296321,134354165,1020728382,1727487123,63.46,62.23,55.62,57.23,17.9,20.47,8,24,308,7.3,21,229,1.8,9,324
106334589,LOMA LINDA UNIVERSITY MEDICAL CENTER-MURRIETA,550001535,Parent Facility,28062 BAXTER ROAD,MURRIETA,92563,RIVERSIDE,Emergency - Basic,106,General Acute Care Hospital,(951) 290-4000,RICHARD RAWSON,CEO,HTTP://LLUMCMURRIETA.COM/,"PHYSICIANS HOSPITAL OF MURRIETA, LLC",HFS,,,,,,,,1,,,,,,,35314,5010,49834,6254,8613,41594,10342,17153,110645194,167440278,2903939,170344217,22233587,177987827,-7643610,2416.55,415.2,244.25,23705860,58292432,593196415,858418009,56.8,57.17,46.35,47.78,18.41,,7.1,16,275,8.3,5,90,1.8,5,267
106190034,ANTELOPE VALLEY HOSPITAL,930000008,Parent Facility,1600 WEST AVENUE J,LANCASTER,93534,LOS ANGELES,Emergency - Basic,420,General Acute Care Hospital,(661) 949-5000,DENNIS M. KNOX,CEO,WWW.AVHOSPITAL.ORG,ANTELOPE VALLEY HOSPITAL DISTRICT,KPMG,3,,79,,,,,,,,,,,1,3715,,65121,10425,20078,92695,41364,42447,363569717,335187033,12009113,347196146,39168322,349283423,-2087277,2038.81,241.9,107.27,25687613,64398016,851443746,1332304283,57.2,59.26,49.4,47.16,18.05,20.5,8.4,22,309,11.7,29,271,5,13,243
106342344,KAISER FOUNDATION HOSPITAL - SOUTH SACRAMENTO,030000228,Parent Facility,6600 BRUCEVILLE ROAD,SACRAMENTO,95823,SACRAMENTO,Emergency - Basic,217,General Acute Care Hospital,(510) 987-3380,BERNARD TYSON,CHAIRMAN,WWW.KP.ORG,KAISER FOUNDATION HOSPITALS,HFS,15,25,524,,1,,,,,,,,,,,,19752,,13350,95644,30342,31176,,,,,,,,,,,,,,,,,,,,,5.3,11,179,6.4,15,204,2.1,14,398
106190883,WHITTIER HOSPITAL MEDICAL CENTER,930000402,Parent Facility,9080 COLIMA ROAD,WHITTIER,90605,LOS ANGELES,Emergency - Basic,178,General Acute Care Hospital,(562) 945-3561,RICHARD CASTRO,CEO,WWW.WHITTIERHOSPITAL.COM,WHITTIER HOSPITAL MEDICAL CENTER,KPMG,4,,32,,,,,,1,,,,,,9950,3315,27584,3809,8273,22906,8341,18012,46222156,104403440,1185969,105589409,19605723,100450376,5139033,2136.9,457.28,215.63,18923415,100742532,575310039,745758182,57.19,59.31,48.49,47.11,15.28,16.26,6.5,6,34,4.3,1,59,3.5,5,114
106070988,JOHN MUIR MEDICAL CENTER-WALNUT CREEK CAMPUS,140000265,Parent Facility,1601 YGNACIO VALLEY ROAD,WALNUT CREEK,94598,CONTRA COSTA,Emergency - Basic,554,General Acute Care Hospital,(925) 939-3000,CALVIN KNIGHT,PRESIDENT/CEO,JOHNMUIRHEALTH.COM,JOHN MUIR HEALTH,HFS,1,,235,,1,,,,,,,,,,42887,1564,115228,61717,22728,25345,2431,12668,2357766818,755151963,14005531,769157494,86573755,682343788,86813706,4608.26,523.49,129.3,57675218,357147557,1817377209,3077839722,83.22,79.49,75.83,75.94,25.6,29.94,3.6,6,84,8.7,60,360,2.2,15,317
106420522,SANTA YNEZ VALLEY COTTAGE HOSPITAL,050000057,Parent Facility,2050 VIBORG ROAD,SOLVANG,93463,SANTA BARBARA,Emergency - Standby,11,General Acute Care Hospital,(805) 688-6431,RONALD C. WERFT,PRESIDENT,COTTAGEHEALTHSYSTEM.ORG,SANTA YNEZ VALLEY COTTAGE HOSPITAL,HFS,4,,8,,1,,,,,,,,,,1842,,124,,222,7057,820,1549,29399304,15195433,293491,15488924,1873963,14346778,1142146,,236.14,729.7,2941891,5583595,25278193,34980424,74.78,58.42,56.54,62,18.95,22,.,.,.,.,.,.,8.8,1,10
106084001,SUTTER COAST HOSPITAL,110000067,Parent Facility,800 EAST WASHINGTON BOULEVARD,CRESCENT CITY,95531,DEL NORTE,Emergency - Basic,45,General Acute Care Hospital,(707) 464-8511,MITCHELL J HANNA,CEO,,SUTTER COAST HOSPITAL,HFS,,3,29,,1,,,,,,,,,,7531,,10672,4486,2085,17872,7152,20601,37825836,69929184,501721,70430905,6838906,61365408,9065497,2286.21,375.91,244.19,6647556,15393982,119685040,211593363,37.85,53.28,39.64,45.27,13.61,9.47,2.5,1,13,12.4,6,28,4,6,56
106060870,COLUSA REGIONAL MEDICAL CENTER,230000149,Parent Facility,199 EAST WEBSTER STREET,COLUSA,95932,COLUSA,Emergency - Standby,48,General Acute Care Hospital,(916) 323-7685,WALT BECK,CEO,WWW.COLUSAMEDICALCENTER.ORG,COLUSA REGIONAL MEDICAL CENTER,HFS,,,3,,1,,,,,,,,,,2845,,5034,1120,742,6705,,,12799931,19941435,2041243,21982678,3564078,26975191,-4992513,4340.33,667.5,201.67,3368850,7103188,48812299,78559142,59.45,61.46,45.34,43.52,14.81,,0,0,4,0,0,5,2.8,1,19
106400548,TWIN CITIES COMMUNITY HOSPITAL,050000078,Parent Facility,1100 LAS TABLAS ROAD,TEMPLETON,93465,SAN LUIS OBISPO,Emergency - Basic,122,General Acute Care Hospital,(805) 434-3500,MARK LISA,CEO,WWW.TWINCITIESHOSPITAL.COM,TENET HEALTHCARE CORPORATION,KPMG,,2,54,,,,,,1,,,,,,2691,413,26179,3289,4434,31189,10652,13148,151857206,89681147,1448168,91129315,12658479,84723925,6405390,3113.11,409.69,201.58,16656936,113239059,451257888,654383097,54.63,65.34,48.11,49.54,18.36,17.85,5,2,12,14.9,8,77,2,2,86
106070924,CONTRA COSTA REGIONAL MEDICAL CENTER,140000090,Parent Facility,2500 ALHAMBRA AVENUE,MARTINEZ,94553,CONTRA COSTA,Emergency - Basic,167,General Acute Care Hospital,(925) 370-4222,"WILLIAM WALKER,M.D",HEALTH SVCS DIRECTOR,HTTP://WWW.CCHEALTH.ORG,CONTRA COSTA COUNTY,HFS,10,134,253,,,,,,,,1,,,,24329,2196,66118,28890,8552,42506,10896,159122,351608997,406559029,78054843,484613872,35705148,472984408,11629464,4177.3,594.88,406.58,34962910,31810134,318433644,576544988,59.22,,58.37,62.08,21.48,23.24,0,0,40,4.5,2,76,1.2,2,213
106331288,PALO VERDE HOSPITAL,250000184,Parent Facility,250 NORTH FIRST STREET,BLYTHE,92225,RIVERSIDE,Emergency - Standby,51,General Acute Care Hospital,(760) 922-5201,RICH GIANELLO,INTERIM CFO,,PALO VERDE HEALTH DISTRICT,HFS,,3,12,,,,,,,,,,,1,2698,277,87,,1061,8719,7,53,10566616,21726823,1016646,22743469,3160673,23518551,-775082,3190.85,603.23,157.74,4556392,9161113,58816605,80462836,63.37,64.3,45.76,48,16.56,,0,0,5,0,0,3,7.8,1,13
106321016,SENECA DISTRICT HOSPITAL,230000032,Parent Facility,130 BRENTWOOD DRIVE,CHESTER,96020,PLUMAS,Emergency - Standby,26,General Acute Care Hospital,(530) 258-2151,LINDA WAGNER,CEO,SENECAHOSPITAL.ORG,SENECA HEALTHCARE DISTRICT,HFS,,4,8,,,,,,,,,,,1,654,,12412,,196,2857,,,6348663,12698586,1003634,13702220,2346905,14714416,-1012196,,,476.63,1240691,3381930,13886595,25350357,41.53,48.44,42.53,45.3,12.56,,.,.,.,.,.,.,10.1,1,17
106430883,SANTA CLARA VALLEY MEDICAL CENTER,070000085,Parent Facility,751 SOUTH BASCOM AVENUE,SAN JOSE,95128,SANTA CLARA,Emergency - Comprehensive,574,General Acute Care Hospital,(408) 885-1000,PAUL LORENZ,ADMINISTRATOR,WWW.SCVMED.ORG,COUNTY OF SANTA CLARA,HFS,24,21,534,,,,,,,,1,,,,35036,5359,171638,73737,22603,67309,15146,260850,1837366147,927910745,71555817,999466562,182652155,1243998475,-244531913,4929.74,582.42,251.68,98843717,388530061,1596708584,3147478244,78.47,71.28,69.52,69.33,26.68,27.84,4.7,5,124,6.5,13,231,1.2,4,527
106391056,SUTTER TRACY COMMUNITY HOSPITAL,030000105,Parent Facility,1420 NORTH TRACY BOULEVARD,TRACY,95376,SAN JOAQUIN,Emergency - Basic,81,General Acute Care Hospital,(209) 835-1500,DAVID THOMPSON,56342627,WWW.SUTTERTRACY.ORG,SUTTER CENTRAL VALLEY HOSPITALS,HFS,3,,11,,1,,,,,,,,,,10931,1911,41179,6825,3969,32245,12388,20851,73209138,121197350,3229862,124427212,17936408,95612389,28814823,3461.79,601.44,334.44,16357652,32347487,289623565,448789167,74.89,64.28,55.39,53.09,20.74,21.43,2.1,1,14,5.6,1,34,0.5,1,106
106361343,ST. MARY MEDICAL CENTER - APPLE VALLEY,240000207,Parent Facility,18300 US HIGHWAY 18,APPLE VALLEY,92307,SAN BERNARDINO,Emergency - Basic,212,General Acute Care Hospital,(760) 242-2311,ALAN GARRETT,CEO,WWW.STMARY4HEALTH.COM,ST JOSEPH HEALTH SYSTEM,KPMG,8,,25,,1,,,,,,,,,,4640,,36052,,15867,65169,18491,23919,290658206,275419254,2671408,278090662,47995602,268163775,9926887,2368.89,195.49,63.22,29835357,137793297,801836802,1315909048,54.6,59.41,51.5,51.34,17.82,20.83,3.4,12,336,4.5,4,134,1.2,7,482
106190522,GLENDALE MEMORIAL HOSPITAL AND HEALTH CENTER,930000099,Parent Facility,1420 SOUTH CENTRAL AVENUE,GLENDALE,91204,LOS ANGELES,Emergency - Basic,334,General Acute Care Hospital,(818) 502-1900,JACK IVIE,PRESIDENT/CEO,GLENDALEMEMORIAL.COM,DIGNITY HEALTH,KPMG,6,,48,,1,,,,,,,,,,13158,9439,55133,17501,9849,22503,6903,15936,99441963,173384636,3360266,176744902,36606500,211860389,-35115487,3311.38,430.45,215.78,21736703,131655749,606777182,975477892,65.52,56,57.63,55.06,23.66,25.15,5.4,12,163,10.2,7,74,2.4,10,319
106070990,KAISER FOUNDATION HOSPITAL - WALNUT CREEK,140000290,Parent Facility,1425 SOUTH MAIN STREET,WALNUT CREEK,94596,CONTRA COSTA,Emergency - Basic,233,General Acute Care Hospital,(510) 987-3380,BERNARD TYSON,CHAIRMAN,WWW.KP.ORG,KAISER FOUNDATION HOSPITALS,HFS,42,25,787,,1,,,,,,,,,,,,14689,,13399,48491,1808,2084,,,,,,,,,,,,,,,,,,,,,3.6,5,174,4.5,10,196,2,14,370
106190198,LOS ANGELES COMMUNITY HOSPITAL,930000039,Parent Facility,4081 EAST OLYMPIC BOULEVARD,LOS ANGELES,90023,LOS ANGELES,Emergency - Standby,130,General Acute Care Hospital,(323) 267-0477,DAVID TOPPER,CEO,WWW.ALTAHOSPITALS.COM,"ALTA HOSPITALS SYSTEM, LLC",KPMG,2,,21,,,,,,1,,,,,,9576,,26839,,9133,10526,4597,5204,253937314,111251416,3138912,114390328,21359907,81132919,33257409,1484.9,1448.01,618.47,5294071,74981606,281814994,400431116,59.42,50.63,40.97,40.77,14.93,,0,0,10,8.9,1,25,0,0,143
106074017,SAN RAMON REGIONAL MEDICAL CENTER,140000345,Parent Facility,6001 NORRIS CANYON ROAD,SAN RAMON,94583,CONTRA COSTA,Emergency - Basic,123,General Acute Care Hospital,(925) 275-9200,GARY SLOAN,C.E.O,WWW.SANRAMONMEDCTR.COM,TENET HEALTHCARE CORPORATION,KPMG,46,,86,,,,,1,,,,,,,11179,1169,41020,13103,4471,14394,1132,1165,208165041,155454649,1597699,157052348,36508826,150955955,6096393,3532.49,646.42,302.39,22071210,111101937,506445861,669127390,70.36,72.07,70.99,72.9,32.4,30.98,5.5,4,69,10.3,8,89,3.1,4,91
106474007,FAIRCHILD MEDICAL CENTER,230000035,Parent Facility,444 BRUCE STREET,YREKA,96097,SISKIYOU,Emergency - Basic,28,General Acute Care Hospital,(530) 842-4121,JONATHON ANDRUS,CEO,HTTP://WWW.FAIRCHILDMED.ORG/,FAIRCHILD MEDICAL CENTER,HFS,1,,4,,1,,,,,,,,,,4478,,39877,,1579,13907,3896,34755,41949012,66632656,1103894,67736550,5917718,58592563,9143987,3140.23,568.29,245.37,6956280,12330531,115053031,148853869,49.59,48.31,46.7,45.32,19.3,20.3,0,0,6,7.6,1,24,5.4,1,21
106361458,COLORADO RIVER MEDICAL CENTER,240000227,Parent Facility,1401 BAILEY AVENUE,NEEDLES,92363,SAN BERNARDINO,Emergency - Basic,25,General Acute Care Hospital,(760) 326-7267,STEVE LOPEZ,CEO/CFO,,"COMMUNITY HEALTH PARTNER, INC.",HFS,1,1,4,,,,,,1,,,,,,,,,,597,5595,,,3927357,8668145,34683,8702828,1349231,8517042,185786,,,,5423114,1356594,17509735,30955165,,,30.67,33.93,,,.,.,.,.,.,.,0,0,14
106434153,KAISER FOUNDATION HOSPITAL - SANTA CLARA,070000661,Parent Facility,700 LAWRENCE EXPRESSWAY,SANTA CLARA,95051,SANTA CLARA,Emergency - Basic,327,General Acute Care Hospital,(510) 987-3380,BERNARD TYSON,CHAIRMAN,WWW.KP.ORG,KAISER FOUNDATION HOSPITALS,HFS,26,1,741,,1,,,,,,,,,,,,28916,,19599,59029,4059,4498,,,,,,,,,,,,,,,,,,,,,3.1,16,443,7.1,20,190,2,21,562
106571086,WOODLAND MEMORIAL HOSPITAL,030000115,Parent Facility,1325 COTTONWOOD STREET,WOODLAND,95695,YOLO,Emergency - Basic,108,General Acute Care Hospital,(530) 622-3961,H. KEVIN VAZIRI,PRESIDENT,WWW.WOODLANDHEALTHCARE.ORG,DIGNITY HEALTH,KPMG,7,36,278,,,1,,,,,,,,,3446,,31801,,3845,20942,5998,23198,60736957,130750500,6503701,137254201,23074541,136852433,401768,3300.74,419.58,365.18,25644982,33472034,322091879,503644500,64.69,,64.19,64.63,26.82,27.39,10.6,2,12,7,2,40,3.3,4,57
106500852,DOCTORS MEDICAL CENTER,030000026,Parent Facility,1441 FLORIDA AVENUE,MODESTO,95350,STANISLAUS,Emergency - Basic,394,General Acute Care Hospital,(209) 578-1211,WARREN KIRK,C.E.O,WWW.DMC-MODESTO.COM,"TENET HEALTH SYSTEM HOSPITAL, INC.",KPMG,23,10,131,,,,,,1,,,,,,43048,8295,68026,20546,24603,85953,42654,54088,306918804,518572621,3602421,522175042,97241484,495580161,26594881,2631.18,401.86,225.77,106212819,688710720,2904181967,4133412853,69.05,71.05,55.3,61.37,23.12,22.85,9.2,24,308,8.5,40,392,2.1,8,445
106130699,EL CENTRO REGIONAL MEDICAL CENTER,090000004,Parent Facility,1415 ROSS AVENUE,EL CENTRO,92243,IMPERIAL,Emergency - Basic,161,General Acute Care Hospital,(619) 339-7100,TOMAS VIRGEN,INTERIM CEO,WWW.ECRMC.ORG,"CITY OF EL CENTRO, CA",HFS,9,4,216,,,,,,,,,,1,,,1934,9976,,5463,45625,10275,38070,125181849,119359739,1344043,120703782,14398992,121142985,-439203,1953.57,402.17,173.67,39889267,50535367,397080693,603810229,46.6,44.04,35.82,36.01,12.44,13.71,11.2,7,34,5.6,5,91,2.8,5,127
106361246,LOMA LINDA UNIVERSITY MEDICAL CENTER,240000169,Parent Facility,11234 ANDERSON STREET,LOMA LINDA,92354,SAN BERNARDINO,Emergency - Basic,371,General Acute Care Hospital,(909) 558-4000,KERRY HEINRICH,C.E.O.,WWW.LLU.EDU/LLUMC,LOMA LINDA UNIVERSITY ADVENTIST HEALTH SCIENCES CENTER,HFS,,,,1,,,,,,,,,,,48773,8624,366534,127972,18008,27523,7140,64619,1542835371,963790819,26311115,990101934,160394694,879298179,110803755,2649.09,477.49,213.14,219062832,238451971,2859280255,3765749221,33.53,36.43,25.66,26.42,9.54,22.21,7.5,26,379,6.6,53,466,4,26,495
106560529,ST. JOHN'S REGIONAL MEDICAL CENTER,050000064,Parent Facility,1600 NORTH ROSE AVENUE,OXNARD,93030,VENTURA,Emergency - Basic,265,General Acute Care Hospital,(805) 988-2500,DAREN LEE,PRESIDENT CEO ST JOHN'S HOSPITALS,WWW.STJOHNSHEALTH.ORG,DIGNITY HEALTH,KPMG,,,,,1,,,,,,,,,,23494,2064,34754,17131,11732,47564,13436,18302,214441973,224481854,1627750,226109604,55750891,262488859,-36379255,3082.24,925.87,301.39,40398293,86595262,748357014,1048133824,66.53,66.36,59.49,57.52,22.88,25.34,4.7,13,217,5.3,14,150,1.6,9,306
106090933,MARSHALL  MEDICAL CENTER,030000059,Parent Facility,1100 MARSHALL WAY,PLACERVILLE,95667,EL DORADO,Emergency - Basic,113,General Acute Care Hospital,(530) 626-2786,JAMES WHIPPLE,CEO,,MARSHALL MEDICAL CENTER,HFS,6,,22,,1,,,,,,,,,,24629,4001,63711,,5163,27470,5601,46769,206148122,200250374,2989659,203240033,22239030,206782938,-3542905,2577.54,276.31,197.45,38529722,118206109,666639044,949695473,71.21,66.54,57.96,59.75,19.08,20.11,10,6,20,10.2,7,75,1.6,4,143
106560501,OJAI VALLEY COMMUNITY HOSPITAL,050000045,Parent Facility,1306 MARICOPA HIGHWAY,OJAI,93023,VENTURA,Emergency - Standby,25,General Acute Care Hospital,(805) 640-2230,GARY K. WILDE,PRESIDENT/CEO,,COMMUNITY MEMORIAL HEALTH SYSTEM,HFS,,,5,,1,,,,,,,,,,3021,,17819,5325,963,6843,1399,6403,20197265,26108316,1022061,27130377,3830258,28727507,-1597130,3743.19,490.2,295.95,5422948,7384679,48945483,78270291,57.34,,46.01,47.76,17.6,,9.9,1,3,7.2,1,20,4,1,9
106190756,PROVIDENCE SAINT JOHN'S HEALTH CENTER,930000158,Parent Facility,2121 SANTA MONICA BLVD.,SANTA MONICA,90404,LOS ANGELES,Emergency - Basic,266,General Acute Care Hospital,(310) 829-5511,MARCEL LOH,CEO,HTTP://CALIFORNIA.PROVIDENCE.ORG/SAINT-JOHNS/,PROVIDENCE HEALTH & SERVICES,HFS,,,,,1,,,,,,,,,,20594,1047,56157,4592,12219,11229,218,606,717282911,254949050,3379875,258328925,31877837,265283771,-6954846,2284.47,913.18,298.49,26006971,81202830,629788102,859675505,80.8,64.59,53.58,51.89,21.79,25.56,4.1,6,123,5.8,7,94,2.3,7,162
106540798,SIERRA VIEW MEDICAL CENTER,120000584,Parent Facility,465 WEST PUTNAM AVENUE,PORTERVILLE,93257,TULARE,Emergency - Basic,167,General Acute Care Hospital,(559) 784-1110,DONNA HEFNER,CEO,,SIERRA VIEW DISTRICT HOSPITAL,HFS,1,,2,,,,,,,,,,,1,,2316,37693,,6149,41898,19113,55522,328681855,123130385,3180679,126311064,12535843,123342916,2968148,1987.64,334.63,230.52,78455563,49747730,436327757,550404095,53,54.73,43.38,42.53,14.81,15.26,9.8,8,60,4.7,3,82,3.7,7,130
106190243,PIH HOSPITAL - DOWNEY,930000048,Parent Facility,11500 BROOKSHIRE AVENUE,DOWNEY,90241,LOS ANGELES,Emergency - Basic,199,General Acute Care Hospital,(562) 904-5000,BRIAN SMOLSKIS,CHIEF OPERATING OFFICER,WWW.PIHHEALTH.ORG,PIH HEALTH HOSPITAL,KPMG,12,,20,,1,,,,,,,,,,39717,2761,53632,7972,9085,45693,17378,19769,100401246,130681595,1826596,132508191,20292124,140762450,-8254259,2851.81,259.69,128.63,44029735,124068797,664667411,1008399550,50.96,49.03,42.55,43.68,15.19,15.83,5.7,8,141,7,6,118,0.6,3,254
106390846,DAMERON HOSPITAL,030000024,Parent Facility,525 WEST ACACIA ST,STOCKTON,95203,SAN JOAQUIN,Emergency - Basic,202,General Acute Care Hospital,(209) 944-5550,LORRAINE AUERBACH,"PRESIDENT, CEO",WWW.DAMERONHOSPITAL.ORG,DAMERON HOSPITAL ASSOCIATION,HFS,17,,44,,1,,,,,,,,,,20680,5964,20445,2467,7986,41635,17897,22779,168432896,177775969,1576045,179352014,33571576,179801186,-449172,2670.13,,192.54,37839846,58846743,804369094,1181895947,60.88,59.96,55.87,54.25,24.22,23.48,4.8,9,240,7,5,72,2.8,9,213
106370652,ALVARADO HOSPITAL MEDICAL CENTER,090000013,Parent Facility,6655 ALVARADO ROAD,SAN DIEGO,92120,SAN DIEGO,Emergency - Basic,226,General Acute Care Hospital,(619) 287-3270,LUIS LEON,PRESIDENT,WWW.ALVARADOHOSPITAL.COM,PRIME HEALTHCARE SERVICES INC.,HFS,2,,28,,,,,,1,,,,,,,2770,39232,12742,6384,20692,6610,11404,104517445,141080889,691982,141772871,24849230,142734636,-961765,2217.3,321.68,153.96,15878728,66522444,518703323,647093797,56.13,62.36,43.2,45.99,14.29,19.59,6.3,10,96,4.3,4,63,1.2,2,118
106370730,KAISER FOUNDATION HOSPITAL - SAN DIEGO,080000062,Parent Facility,4647 ZION AVENUE,SAN DIEGO,92120,SAN DIEGO,Emergency - Basic,414,General Acute Care Hospital,(619) 528-3173,BERNARD TYSON,CHAIRMAN,WWW.KP.ORG,KAISER FOUNDATION HOSPITALS,HFS,35,38,958,,1,,,,,,,,,,,,210495,67391,22880,91619,8761,9802,,,,,,,,,,,,,,,,,,,,,3.2,8,147,6.5,27,352,2.6,28,649
106150737,KERN VALLEY HEALTHCARE DISTRICT,120000183,Parent Facility,6412 LAUREL AVENUE,LAKE ISABELLA,93240,KERN,Emergency - Standby,101,General Acute Care Hospital,(760) 379-2681,TIMOTHY MCGLEW,C.E.O.,KVHD.ORG,KERN VALLEY HEALTHCARE DISTRICT,HFS,,,2,,,,,,,,,,,1,3005,564,14234,906,819,6669,1726,5624,11692650,20164341,193161,20357502,3792151,21154821,-797319,,,206.39,2691197,3281638,32784097,71400413,49.73,,39.55,42.35,12.41,,.,.,.,0,0,3,3.7,1,22
106491076,SONOMA VALLEY HOSPITAL,110000072,Parent Facility,347 ANDRIEUX STREET,SONOMA,95476,SONOMA,Emergency - Basic,75,General Acute Care Hospital,(707) 935-5000,KELLY MATHER,PRESIDENT & CEO,WWW.SVH.COM,SONOMA VALLEY HEALTHCARE DISTRICT,HFS,17,29,206,,,,,,,,,,,1,7281,415,27361,18653,1516,8224,1175,2889,78759207,49472484,297043,49769527,6973954,56449598,-6680071,2232.41,465.55,330.95,11385841,9924360,143823449,202917347,67.35,,58.21,63.16,20.11,24.17,0,0,4,0,0,15,2.9,2,33
106150761,MERCY HOSPITAL - BAKERSFIELD,120000184,Parent Facility,2215 TRUXTUN AVENUE,BAKERSFIELD,93301,KERN,Emergency - Basic,144,General Acute Care Hospital,(661) 632-6523,BRUCE PETERS,PRESIDENT,WWW.DIGNITYHEALTH.ORG,DIGNITY HEALTH,KPMG,21,,44,,1,,,,,,,,,,4376,4414,37604,5286,12082,66060,22747,28037,306938322,260856104,2974815,263830919,41360914,252524518,11306401,2510.25,799.82,174.26,16870691,72821760,611962533,992934308,56.21,52.18,52.13,51.89,22.18,22.67,2.1,1,19,7.4,9,95,0,0,159
106361339,ST. BERNARDINE MEDICAL CENTER,240000206,Parent Facility,2101 NORTH WATERMAN AVENUE,SAN BERNARDINO,92404,SAN BERNARDINO,Emergency - Basic,342,General Acute Care Hospital,(909) 883-8711,STEVE BARRON,PRESIDENT,STBERNARDINEMEDICALCENTER.ORG,DIGNITY HEALTH,HFS,20,,100,,1,,,,,,,,,,55974,873,52795,15116,15918,67345,28806,58165,161232712,309500631,2135483,311636114,48434553,329119410,-17483296,2393.91,387.41,177.67,21285656,161557990,953036452,1534485403,57.8,53.9,56.81,53.93,23.93,26.08,9.1,27,435,8.9,15,165,1.3,5,325
106480989,KAISER FOUNDATION HOSPITAL - REHABILITATION CENTER VALLEJO,110000026,Parent Facility,975 SERENO DRIVE,VALLEJO,94589,SOLANO,Emergency - Basic,248,General Acute Care Hospital,(510) 987-3380,BERNARD TYSON,CHAIRMAN,WWW.KP. ORG,KAISER FOUNDATION HOSPITALS,HFS,29,37,545,,1,,,,,,,,,,,,157140,,9638,48305,10405,10765,,,,,,,,,,,,,,,,,,,,,7.8,15,165,4.4,12,203,1.7,9,259
106334068,SOUTHWEST HEALTHCARE SYSTEM-MURRIETA,250000262,Parent Facility,25500 MEDICAL CENTER DRIVE,MURRIETA,92562,RIVERSIDE,Emergency - Basic,120,General Acute Care Hospital,(951) 696-6000,BRAD NEET,CEO,WWW.IVRMC-RSMC.COM,UNIVERSAL HEALTH SYSTEMS INC.,HFS,11,,51,,,,,,1,,,,,,5123,2955,41356,7126,14265,70867,19483,24566,215508975,245834131,2044602,247878733,51828478,239282726,8596007,2127.28,251.28,127.85,33563128,83566123,577665550,873101586,53.76,53.98,49,47.05,17.2,15.5,2.6,2,42,6.6,15,224,1.9,7,231
106270777,GEORGE L MEE MEMORIAL HOSPITAL,070000047,Parent Facility,300 CANAL STREET,KING CITY,93930,MONTEREY,Emergency - Basic,94,General Acute Care Hospital,(831) 385-6000,LEX T. SMITH,CEO,WWW.MEEMEMORIAL.COM,SOUTHERN MONTEREY COUNTY,HFS,,4,10,,1,,,,,,,,,,4665,,10689,,1269,10301,3349,41427,37354948,57414059,938325,58352384,6184269,63508094,-5155710,8592.96,,332.34,11827770,9805314,118160276,198817852,58.16,58.82,56.93,55.7,16.94,20.88,.,.,.,.,.,.,0,0,12
106100005,CLOVIS COMMUNITY MEDICAL CENTER,040000004,Parent Facility,2755 HERNDON AVENUE,CLOVIS,93611,FRESNO,Emergency - Basic,208,General Acute Care Hospital,(559) 324-4000,TIM A JOSLIN,CEO,WWW.COMMUNITYMEDICAL.ORG,COMMUNITY MEDICAL CENTERS,HFS,30,4,228,,1,,,,,,,,,,33224,4626,76120,,13145,48907,8252,15692,457038974,231169853,3043031,234212884,37375288,220108592,14104292,1795.69,401.75,119.16,23215807,72086686,639456058,933465219,56.73,46.34,49.42,47.31,14.08,15.84,3.4,4,100,2.6,2,124,1.6,8,304
106105029,FRESNO HEART AND SURGICAL HOSPITAL,040000096,Consolidated Facility,15 E. AUDUBON DR.,FRESNO,93720,FRESNO,,57,General Acute Care Hospital,(559) 433-8000,WANDA HOLDERMAN,CEO,WWW.FRESNOHEART.COM,COMMUNITY MEDICAL CENTER,HFS,28,,74,,1,,,,,,,,,,6779,517,6051,,3551,,,62,79586200,83672868,1824500,85497368,14460909,80561824,4935544,,,334.28,3718785,23335719,255111948,320496048,59.2,,49,,17.54,,0,0,37,.,.,.,1.7,2,85
106490964,HEALDSBURG DISTRICT HOSPITAL,110000019,Parent Facility,1375 UNIVERSITY STREET,HEALDSBURG,95448,SONOMA,Emergency - Standby,43,General Acute Care Hospital,(707) 431-6500,NANCY GOODFELLOW-SCHMID,CEO,WWW.NSCHD.ORG,NORTHERN SONOMA COUNTY HOSPITAL DISTRICT,HFS,1,1,12,,,,,,,,,,,1,,,15081,2686,971,9480,1974,7975,23496639,33381801,632116,34013917,4158535,43932792,-9918875,4398.08,608.04,591.62,3654843,7468671,55895476,98604244,59.2,,51.62,52.21,18.16,20.97,13.2,1,3,14.1,1,11,9,2,22
106334048,KAISER FOUNDATION HOSPITAL - MORENO VALLEY,550000810,Parent Facility,27300 IRIS AVENUE,MORENO VALLEY,92555,RIVERSIDE,Emergency - Basic,101,General Acute Care Hospital,(951) 243-2262,BERNARD TYSON,CHAIRMAN,WWW.KP.ORG,KAISER PERMANENTE HOSPITALS,HFS,4,2,48,,1,,,,,,,,,,,,,,4251,31702,10751,11018,,,,,,,,,,,,,,,,,,,,,1.2,1,41,6,2,54,2,4,117
106190159,GARDENS REGIONAL HOSPITAL AND MEDICAL CENTER,930000030,Parent Facility,21530 SOUTH PIONEER BOULEVARD,HAWAIIAN GARDENS,90716,LOS ANGELES,Emergency - Basic,137,General Acute Care Hospital,(562) 860-0401,JAMES F. SHERMAN,CEO,TCRMC.ORG,"GARDENS REGIONAL HOSPITAL AND MEDICAL CENTER, INC.",KPMG,,,,,1,,,,,,,,,,9651,2028,7355,,3444,10322,2807,4145,19926681,48791103,936702,49727805,9384741,54566792,-4838987,1598.25,754.21,121.09,5559550,27498413,170078838,225269448,,,40.21,45.66,16.14,19.78,2.1,1,19,26.9,1,11,2.9,3,84
106281078,ST. HELENA HOSPITAL,110000073,Parent Facility,10 WOODLAND RD.,ST. HELENA,94574,NAPA,Emergency - Standby,144,General Acute Care Hospital,(707) 963-3611,"STEVEN HERBER, M.D.",PRESIDENT OF SHNV,WWW.STHELENAHOSPITAL.ORG,ST. HELENA,HFS,2,,48,,1,,,,,,,,,,9013,,26509,8357,5037,6457,1058,11634,142112338,176220120,8827701,185047821,50894769,187764729,-2716908,3324.34,849.95,396.05,9514561,50418208,653718241,848027085,65.14,,52.61,57.1,18.81,18.7,7.8,10,125,0,0,17,0,0,113
106190524,MISSION COMMUNITY HOSPITAL - PANORAMA CAMPUS,930000101,Parent Facility,14850 ROSCOE BOULEVARD,PANORAMA CITY,91402,LOS ANGELES,Emergency - Basic,145,General Acute Care Hospital,(818) 787-2222,JAMES THEIRING,CEO,WWW.MCHONLINE.ORG,"DEANCO HEALTHCARE, LLC",KPMG,,,4,,1,,,,,,,,,,6517,,7088,,8184,12065,4199,4591,41877680,101561047,1504880,103065927,27673891,103112403,-46476,2063.96,316.35,120.12,3551454,27435038,205640432,322584018,51.22,48.37,44.57,52.91,18.59,15.61,2.2,1,14,0,0,30,1.7,5,153
106190758,PROVIDENCE SAINT JOSEPH MEDICAL CENTER,930000159,Parent Facility,501 S BUENA VISTA STREET,BURBANK,91505,LOS ANGELES,Emergency - Basic,446,General Acute Care Hospital,(818) 843-5111,JULIE SPRENGEL,CEO,WWW.PROVIDENCE.ORG,PROVIDENCE HEALTH & SERVICES,HFS,36,,115,1,,,,,,,,,,,36064,15819,114812,24695,17049,62978,5977,18699,637369818,386262328,13570558,399832886,105900669,443581838,-43748952,2702.51,483.66,216.8,81304436,284460196,1562741659,2215227198,72.34,66.46,53.56,55.79,19.71,24.71,8.2,15,230,9.2,41,374,2.2,17,406
106014337,KAISER FOUNDATION HOSPITAL - SAN LEANDRO,550002678,Parent Facility,2500 MERCED STREET,SAN LEANDRO,94577,ALAMEDA,Emergency - Basic,216,General Acute Care Hospital,(510) 987-3380,BERNARD TYSON,CHAIRMAN,WWW.KP.ORG,KAISER FOUNDATION HOSPITALS,HFS,26,,460,,1,,,,,,,,,,,,6152,,5373,27522,3541,3753,,,,,,,,,,,,,,,,,,,,,5.5,6,46,5.7,12,99,1.6,6,181
106410891,SEQUOIA HOSPITAL,220000045,Parent Facility,170 ALAMEDA DE LAS PULGAS,REDWOOD CITY,94062,SAN MATEO,Emergency - Basic,208,General Acute Care Hospital,(650) 369-5811,GLENNA L VASKELIS,PRESIDENT/CEO,WWW.SEQUOIAHOSPITAL.ORG,SEQUOIA HOSPITAL,KPMG,11,,120,,1,,,,,,,,,,2153,,66287,,5395,19617,3076,5897,545314939,228596553,2545799,231142352,40240849,217801555,13340797,6080.35,713.36,335.55,43034638,69828128,746357959,1049065865,84.96,83.47,80.93,84.29,31.62,34.23,0,0,41,3.6,1,42,0.8,1,107
106301297,PLACENTIA LINDA HOSPITAL,060000157,Parent Facility,1301 NORTH ROSE DRIVE,PLACENTIA,92870,ORANGE,Emergency - Basic,114,General Acute Care Hospital,(714) 993-2000,AUDREY GREGORY,C.E.O,WWW.PLACENTIALINDA.COM,TENET HEALTHCARE CORPORATION,KPMG,,,,,,,,,1,,,,,,11131,4402,13730,,3183,24753,6945,8025,108149833,90851021,1269781,92120802,15285916,76705405,15415397,2273.47,,214.77,32130836,61120899,334455158,458658826,60.62,65.71,46.31,48.58,18.35,20.17,5.9,2,21,7.6,1,42,0.7,1,113
106371256,SCRIPPS GREEN HOSPITAL,080000139,Parent Facility,10666 NORTH TORREY PINES ROAD,LA JOLLA,92037,SAN DIEGO,,173,General Acute Care Hospital,(858) 455-9100,ROBIN BROWN,ADMINISTRATOR,HTTP://WWW.SCRIPPS.ORG/LOCATIONS.ASP?ID=1,SCRIPPS HEALTH,HFS,,,22,,1,,,,,,,,,,,11231,121347,,9216,,,65,757564278,398937919,12672408,411610327,43703641,312437892,99172435,6832.59,318.55,172.95,62002353,96737204,1319062863,1604046088,57.38,,44.75,,17.04,,4.5,5,119,4.6,12,133,1.3,5,227
106370694,SHARP MEMORIAL HOSPITAL,080000039,Parent Facility,7901 FROST STREET,SAN DIEGO,92123,SAN DIEGO,Emergency - Basic,656,General Acute Care Hospital,(858) 939-3400,TIM SMITH,C.E.O,WWW.SHARP.COM,SHARP HEALTHCARE,HFS,,,,,1,,,,,,,,,,60161,5346,199950,75632,31356,65030,3093,21133,1782311118,975572771,14263863,989836634,94391430,799963294,189873340,2612.08,376.94,228.75,96687341,767053589,2819762267,3992930931,62.63,72.01,50.45,48.44,17.67,19.03,8.1,19,253,8.7,34,334,2.1,18,514
106540816,TULARE REGIONAL MEDICAL CENTER,120000585,Parent Facility,869 NORTH CHERRY STREET,TULARE,93274,TULARE,Emergency - Basic,112,General Acute Care Hospital,(559) 688-0821,PAUL WALKER,CEO,WWW.TDGS.ORG,TULARE LOCAL HEALTHCARE DISTRICT,HFS,,,,,,,,,,,,,,1,,,10551,,3807,29135,12343,50674,184592051,62792447,779664,63572111,9191562,69630335,-6058224,2051.95,454.07,237.3,8690141,32400920,155278330,246535141,51.43,50.41,39.79,42.93,12.84,13.19,2.8,1,18,16.2,3,14,1.7,2,64
106281047,QUEEN OF THE VALLEY MEDICAL CENTER,110000060,Parent Facility,1000 TRANCAS STREET,NAPA,94558,NAPA,Emergency - Basic,211,General Acute Care Hospital,(707) 252-4411,WALT MICKENS,CEO,,QUEEN OF THE VALLEY MEDICAL CENTER,HFS,10,,57,1,,,,,,,,,,,12569,9513,96205,35398,7104,25569,2322,16863,436532143,236952945,9195781,246148726,61350103,254185836,-8037110,3763.76,526.9,316.13,63947451,79837322,893091862,1187382416,73.2,67.44,62.53,62.24,24.38,22.41,5.6,7,91,9.9,10,97,2.5,8,167
106171395,SUTTER LAKESIDE HOSPITAL,110000094,Parent Facility,5176 HILL ROAD EAST,LAKEPORT,95453,LAKE,Emergency - Basic,30,General Acute Care Hospital,(707) 252-5000,SIRI NELSON,CAO,WWW.SUTTERLAKESIDE.ORG,SUTTER HEALTH,HFS,1,2,7,,1,,,,,,,,,,7227,,15076,2022,1798,17677,6546,30161,51226734,63552465,714649,64267114,12105662,72703755,-8436641,3998.31,507.88,527.11,6740938,17109251,123640563,191603261,82.7,69.4,64.05,63.72,23.28,25.36,.,.,.,15.6,2,25,3.6,2,40
106190555,CEDARS SINAI MEDICAL CENTER,930000110,Parent Facility,8700 BEVERLY BOULEVARD,LOS ANGELES,90048,LOS ANGELES,Emergency - Basic,886,General Acute Care Hospital,(323) 568-8504,PRISELAC THOMAS,PRESIDENT & CEO,WWW.CEDARS~SINAI.EDU,CEDARS~SINAI MEDICAL CENTER,HFS,,1,620,,1,,,,,,,,,,6275,33303,244519,127247,45343,63179,8585,20806,4182573088,2503766313,238626955,2742393268,400169114,2446080524,296312744,4232.27,518.23,334.5,425664039,1371243949,8516013270,11420594416,92.68,64,55.87,60.57,24.14,22.41,5.2,27,445,5.1,48,573,2.3,47,1070
106420493,MARIAN REGIONAL MEDICAL CENTER,050000040,Parent Facility,1400 EAST CHURCH STREET,SANTA MARIA,93454,SANTA BARBARA,Emergency - Basic,321,General Acute Care Hospital,(805) 739-3000,CHARLES COVA,PRESIDENT/CEO,WWW.MARIANMEDICALCENTER.ORG,DIGNITY HEALTH,KPMG,31,4,127,,1,,,,,,,,,,8763,1008,106040,22437,14657,83275,25289,72140,424565692,383852195,7198660,391050855,54786870,394091257,-3040402,2635.71,654.01,443.33,99177083,146389923,1091401227,1623455404,64.44,65.22,51.54,51.13,18.85,23.37,5.2,6,108,6,19,165,3,12,184
106340951,METHODIST HOSPITAL OF SACRAMENTO,030000064,Parent Facility,7500 HOSPITAL DRIVE,SACRAMENTO,95823,SACRAMENTO,Emergency - Basic,329,General Acute Care Hospital,(916) 423-3000,EUGENE BASSETT,PRESIDENT,WWW.METHODISTSACRAMENTO.ORG,DIGNITY HEALTH,KPMG,6,10,64,,1,,,,,,,,,,18082,2623,154548,,10933,52105,19570,27313,156794495,238033347,2408275,240441622,41107431,252803508,-12361886,2647.15,333.91,244.24,39195691,61192223,599172419,1097750835,59.08,67.08,62.59,65.38,26.26,31.92,3.8,7,60,7.8,10,162,1,5,260
106196405,PALMDALE REGIONAL MEDICAL CENTER,930000085,Parent Facility,38600 MEDICAL CENTER DRIVE,PALMDALE,93551,LOS ANGELES,Emergency - Basic,157,General Acute Care Hospital,(661) 382-5000,RICHARD ALLEN,CEO,WWW.PALMDALEREGIONALHOSPITAL.COM,UNIVERSAL HEALTH SYSTEMS INC,HFS,3,,23,,,,,,1,,,,,,21099,1584,46025,14260,8368,60050,29228,29770,269121953,135217415,557841,135775256,22200901,142860976,-7085720,2931.79,279.01,98.37,22762091,48620849,657608403,929983456,48.61,53.37,43.22,42.85,15.31,15.9,3.1,7,242,7.1,8,99,2.7,11,324
106130760,PIONEERS MEMORIAL HEALTHCARE DISTRICT,090000087,Parent Facility,207 WEST LEGION ROAD,BRAWLEY,92227,IMPERIAL,Emergency - Basic,107,General Acute Care Hospital,(760) 351-3333,LARRY LEWIS,CEO,,PIONEERS MEMORIAL HEALTHCARE DISTRICT,HFS,,,8,,,,,,,,,,,1,14652,,17224,143,5367,39640,9714,22547,69482232,92565289,1023702,93588991,10995173,93834210,-245219,2010.6,397.05,238.12,24072186,42873306,306907326,451616076,56.34,60.34,40.91,40.13,16.02,19.27,10,4,17,5.2,2,56,1.9,2,103
106190380,SOUTHERN CALIFORNIA HOSPITAL AT HOLLYWOOD,930000066,Parent Facility,6245 DE LONGPRE AVENUE,HOLLYWOOD,90028,LOS ANGELES,,100,General Acute Care Hospital,(323) 462-2271,DAVID TOPPER,CEO,WWW.ALTAHOSPITALS.COM,"ALTA HOSPITALS SYSTEM, LLC",KPMG,8,,52,,,,,,1,,,,,,25720,1728,61798,34822,17653,23122,7587,8278,215587847,200733006,6288922,207021928,35564302,189764930,17256998,2108.32,442.27,223.04,12486217,148764414,589738272,925274873,42.68,,46.73,45.41,19.66,22.4,0,0,12,0,0,7,0,0,76
106190708,SHERMAN OAKS HOSPITAL,930000149,Parent Facility,4929 VAN NUYS BOULEVARD,SHERMAN OAKS,91403,LOS ANGELES,Emergency - Basic,153,General Acute Care Hospital,(818) 981-7111,BOCKHI PARK,CEO,SHERMANOAKSHOSPITAL.COM,"PRIME HEALTHCARE SEREVICES FOUNDATION, INC.",HFS,17,,52,,1,,,,,,,,,,3773,463,10002,1757,6027,19509,6295,9443,110933509,94006101,610867,94616968,20186435,81308396,13308572,2052.82,,67.99,6732232,51945942,227879805,381839156,50.33,72.34,42.26,44.29,15.66,,1.2,4,127,0,0,39,0.2,1,163
106190529,METHODIST HOSPITAL OF SOUTHERN CALIFORNIA,930000103,Parent Facility,300 WEST HUNTINGTON DRIVE,ARCADIA,91007,LOS ANGELES,Emergency - Basic,374,General Acute Care Hospital,(626) 445-4441,DAN F. AUSMAN,PRESIDENT / CEO,WWW.METHODISTHOSPITAL.ORG,METHODIST HOSPITAL OF SOUTHERN CALIFORNIA,HFS,21,,71,1,,,,,,,,,,,45230,1903,27319,14389,17052,40556,11409,12462,505158602,292174974,2840418,295015392,60458478,284826758,10188634,2732.11,279.41,192.08,31440211,177260018,873864143,1379405932,63.08,43.23,48.22,48.63,16.13,17.81,4.7,15,193,6.9,24,285,0.8,6,368
106190754,ST. FRANCIS MEDICAL CENTER,930000157,Parent Facility,3630 E. IMPERIAL HIGHWAY,LYNWOOD,90262,LOS ANGELES,Emergency - Basic,384,General Acute Care Hospital,(310) 603-6000,GERALD KOZAI,CEO,WWW.STFRANCISMEDICALCENTER.ORG,DAUGHTERS OF CHARITY,HFS,3,,41,1,,,,,,,,,,,30691,2048,19256,,18857,67373,29695,60917,390777074,338899064,2534246,341433310,73132482,369587775,-28154465,2942.49,910.06,209.84,39028385,100532057,896301138,1452923496,59.39,60.03,67.36,65.88,18.2,21.88,6.7,14,158,9,36,295,1.3,7,447
106420514,SANTA BARBARA COTTAGE HOSPITAL,050000140,Parent Facility,400 W. PUEBLO STREET,SANTA BARBARA,93102,SANTA BARBARA,Emergency - Basic,412,General Acute Care Hospital,(805) 682-7111,RONALD C. WERFT,PRESIDENT,COTTAGEHEALTHSYSTEM.ORG,SANTA BARBARA COTTAGE HOSPITAL,HFS,38,,73,,1,,,,,,,,,,34232,4367,147632,95303,18079,36797,6615,15934,1332677251,594107517,15212019,609319536,120237053,564850735,44468801,3461.28,400.17,305.56,39341854,207683538,976171935,1398673990,77.6,65.65,53.59,54.84,19.66,22.4,4.2,6,193,8.5,50,422,2.8,16,249
106304409,KAISER FOUNDATION HOSPITAL - ORANGE COUNTY - ANAHEIM,060000091,Parent Facility,3440 E LA PALMA AVE,ANAHEIM,92806,ORANGE,Emergency - Basic,262,General Acute Care Hospital,(714) 281-8645,BERNARD TYSON,CHAIRMAN,WWW.KP.ORG,KAISER FOUNDATION HOSPITALS,HFS,45,12,707,,1,,,,,,,,,,,,233211,74772,24959,84812,11193,12280,,,,,,,,,,,,,,,,,,,,,2.9,8,176,5.2,33,494,1.3,11,485
106370755,PALOMAR HEALTH DOWNTOWN CAMPUS,080000083,Parent Facility,555 E. VALLEY PARKWAY,ESCONDIDO,92025,SAN DIEGO,Emergency - Basic,292,General Acute Care Hospital,(760) 739-3000,ROBERT HEMKER,CEO,WWW.PALOMARHEALTH.ORG,PALOMAR POMERADO HEALTH SYSTEM,HFS,32,,134,,,,,,,,,,,1,57266,,191292,76001,25128,84684,15647,22393,1291186449,464807245,7250450,472057695,84967879,523797615,-51739920,2825.55,369.83,155.7,65730200,205085774,1367648100,2093496587,56.75,57.91,48.79,49.13,19.24,21.99,3.5,11,291,9.9,51,493,3,28,549
106361166,MONTCLAIR HOSPITAL MEDICAL CENTER,240000141,Parent Facility,5000 SAN BERNARDINO STREET,MONTCLAIR,91763,SAN BERNARDINO,Emergency - Basic,102,General Acute Care Hospital,(909) 625-5411,ED MIRZABEGIAN,CEO,WWW.MONTCLAIRHOSPITALMEDICALCENTER.COM,PRIME HEALTHCARE FOUNDATION,HFS,3,,48,,,,,,1,,,,,,6100,465,2591,,3599,19929,9348,9608,70190772,46230721,187215,46417936,15181631,49485163,-3067227,2100.3,,243.44,3609854,18298195,104422546,167199648,48.55,50.38,41.83,39.99,14.88,12.92,3.1,1,14,0,0,5,3.4,4,51
106190812,VALLEY PRESBYTERIAN HOSPITAL,930000170,Parent Facility,15107 VANOWEN STREET,VAN NUYS,91405,LOS ANGELES,Emergency - Basic,350,General Acute Care Hospital,(818) 902-5718,GUSTAVO VALDESPINO,PRESIDENT,WWW.VALLEYPRES.ORG,VALLEY PRESBYTERIAN HOSPITAL,HFS,19,,77,,1,,,,,,,,,,3294,4421,68608,,15265,53824,26799,37842,265669112,291602535,8489033,300091568,100819161,293613793,6477775,2873.97,594.89,192.81,15206790,113261896,568228925,850505008,64.34,52.04,51.02,47.57,17.83,21.66,0,0,174,0,0,94,0,0,270
106190587,COLLEGE MEDICAL CENTER,930000117,Parent Facility,2776 PACIFIC AVENUE,LONG BEACH,90806,LOS ANGELES,Emergency - Basic,121,General Acute Care Hospital,(562) 424-7422,JOE AVELINO,CEO,,COLLEGE MEDICAL CENTER,HFS,13,,26,,,,,,1,,,,,,5844,,6673,2864,6095,14515,4968,28529,62590760,61430698,2480560,63911258,29343106,86603109,-22691851,2741.07,563.36,239.85,6878070,39518172,150640960,236503454,48.61,,36.63,24.28,16.39,21.08,4.7,2,9,0,0,18,0,0,53
106400524,SIERRA VISTA REGIONAL MEDICAL CENTER,050000059,Parent Facility,1010 MURRAY STREET,SAN LUIS OBISPO,93405,SAN LUIS OBISPO,Emergency - Basic,164,General Acute Care Hospital,(808) 546-7600,JOSEPH DESCHRYVER,C.E.O,WWW.SIERRAVISTAREGIONAL.COM,TENET HEALTHCARE CORPORATION,KPMG,,,,,,,,,1,,,,,,1765,655,23407,5779,5158,19529,4544,7441,159036270,128724420,1247239,129971659,22323588,127512065,2459594,3020.13,666.84,210.63,15605898,95471195,473252994,706487492,68.64,69.53,55.73,53.05,21.06,34.7,24.4,4,5,9.8,10,98,2.8,1,34
106331168,EISENHOWER MEDICAL CENTER,250000142,Parent Facility,39000 BOB HOPE DRIVE,RANCHO MIRAGE,92270,RIVERSIDE,Emergency - Basic,463,General Acute Care Hospital,(760) 340-3911,G. AUBREY SERFLING,CHIEF EXEC OFFICER,,EISENHOWER MEMORIAL HOSPITAL,HFS,23,,78,,1,,,,,,,,,,105301,1114,206832,35455,17627,48563,8054,17091,887042070,493000915,14857032,507857947,80503670,544227395,-36369448,2962.99,454.73,206.85,100466850,181073906,1817532485,2657972218,60.92,40.65,51.39,53.99,16.8,24.24,6.6,18,342,5.7,27,494,1,8,490
106190680,PROVIDENCE LITTLE COMPANY OF MARY MC - SAN PEDRO,930000142,Parent Facility,1300 WEST SEVENTH STREET,SAN PEDRO,90732,LOS ANGELES,Emergency - Basic,231,General Acute Care Hospital,(310) 832-3311,CARLOS PRIESTLY,ADMINISTRATOR,HTTP://CALIFORNIA.PROVIDENCE.ORG/SANPEDRO,PROVIDENCE HEALTH & SERVICES,HFS,9,,35,1,,,,,,,,,,,10611,1027,50061,38194,6724,38986,13481,25047,135534743,154535066,4021454,158556520,40997619,162923392,-4366872,2734.95,316.1,202.54,17749560,71439095,524257955,767356800,59.02,56.37,50.67,52.33,19.15,20.15,9.5,1,15,6.3,7,91,0.5,1,130
106010846,HIGHLAND HOSPITAL,140000046,Parent Facility,1411 EAST 31ST STREET,OAKLAND,94602,ALAMEDA,Emergency - Basic,249,General Acute Care Hospital,(510) 437-4800,"DANIEL BOGGAN, JR.",INTERIM CEO,WWW.ACMEDCTR.ORG,ALAMEDA HEALTH SYSTEM,HFS,11,,109,,,,,,,,,,,1,28635,4104,37682,26643,14315,73157,22881,108121,387731748,524464555,38744237,563208792,93715877,615051258,-51842466,4735.13,642.23,269.23,35653459,108742377,654341139,1462432309,74.91,76.92,74.62,73.79,28.77,31.09,10.6,6,81,7.9,12,130,3.8,8,314
106540734,KAWEAH DELTA MEDICAL CENTER,120000580,Parent Facility,400 WEST MINERAL KING,VISALIA,93291,TULARE,Emergency - Basic,403,General Acute Care Hospital,(559) 624-2000,LINDSAY MANN,CEO,WWW.KAWEAHDELTA.ORG,KAWEAH DELTA HEALTH CARE DISTRICT,HFS,9,,107,,,,,,,,,,,1,17469,7698,146769,44150,22344,138332,49227,128182,648793406,444279467,29077663,473357130,77895205,464903576,8453554,2188.07,403.92,211.26,35809267,141605331,1090848466,1643991046,55.15,56.61,43.91,43.86,13.46,14.86,5.6,23,416,9.8,33,318,2.3,24,564
106121002,MAD RIVER COMMUNITY HOSPITAL,110000031,Parent Facility,3800 JANES ROAD,ARCATA,95521,HUMBOLDT,Emergency - Basic,78,General Acute Care Hospital,(530) 822-3621,DOUGLAS SHAW,PRESIDENT,WWW.MADRIVERHOSPITAL.COM,AMERICAN HOSPITAL MANAGEMENT CORPORATION,CDL,9,,19,,,,,,1,,,,,,3362,1461,37552,1844,1985,14943,3318,5921,21136485,52775540,312478,53088018,5392588,52458085,629933,2067.52,458.08,98.23,7525573,7069393,102468843,153299887,46.05,40.42,37.13,37.88,12.9,14.37,.,.,.,0,0,14,4.1,2,40
106370977,POMERADO HOSPITAL,080000127,Parent Facility,15615 POMERADO ROAD,POWAY,92064,SAN DIEGO,Emergency - Basic,236,General Acute Care Hospital,(760) 485-6511,ROBERT HEMKER,CEO,WWW.PALOMARHEALTH.ORG,PALOMAR POMERADO HEALTH SYSTEM,HFS,28,,127,,,,,,,,,,,1,14623,,79731,36657,8226,25292,3852,6723,204515406,166802341,1339183,168141524,18670880,162824602,5316922,2641.62,445.75,154.22,20364967,53941320,365386042,600683356,57.36,52.35,49.74,49.53,19.37,21.13,5.7,3,20,9.3,6,68,2.2,6,127
106580996,RIDEOUT MEMORIAL HOSPITAL,230000126,Parent Facility,726 FOURTH ST,MARYSVILLE,95901,YUBA,Emergency - Basic,173,General Acute Care Hospital,(530) 749-4545,ROBERT CHASON,CEO,WWW.FRHG.ORG,FREMONT RIDEOUT HEALTH GROUP,HFS,15,,53,,1,,,,,,,,,,37851,7035,77934,14681,12152,35172,5856,12945,537251516,293632046,3420140,297052186,38897566,276310581,20741605,2635.37,299.52,251.68,15705523,158185508,768571798,1059439711,54.79,56.63,45.93,46.14,13.67,16.1,5.9,13,209,9,16,185,3.8,22,371
106190352,GREATER EL MONTE COMMUNITY HOSPITAL,930000063,Parent Facility,1701 SANTA ANITA AVENUE,SOUTH EL MONTE,91733,LOS ANGELES,Emergency - Basic,117,General Acute Care Hospital,(626) 579-7777,STANLEY TOY,CEO,WWW.GREATERELMONTE.COM,GREATER EL MONTE COMMUNITY HOSPITAL,KPMG,3,,28,,,,,,1,,,,,,7201,568,1504,20,3556,15582,5173,12619,30612895,58699237,817693,59516930,19247395,55564629,3952301,2676.41,910.77,274.81,6401371,35337022,232412448,297512500,51.75,59.49,49.57,47.96,16.02,18.17,11.2,1,5,9,1,19,0,0,40
106301340,ST. JOSEPH HOSPITAL - ORANGE,060000172,Parent Facility,1100 WEST STEWART DRIVE,ORANGE,92868,ORANGE,Emergency - Basic,463,General Acute Care Hospital,(714) 771-8000,STEVEN C. MOREAU,PRESIDENT & CEO,WWW.SJO.ORG,ST. JOSEPH HEALTH,KPMG,51,,124,,1,,,,,,,,,,74588,14587,334257,38268,20298,68591,14517,24931,888003122,547850996,11209224,559060220,106994174,581593767,-22533547,7469.92,428.67,242.27,48683083,228074134,1756146111,2187027713,57.12,56.98,51.16,49.86,20.51,25.1,3.7,13,253,3.5,13,309,2.5,16,377
106190630,POMONA VALLEY HOSPITAL MEDICAL CENTER,930000128,Parent Facility,1798 NORTH GAREY AVENUE,POMONA,91767,LOS ANGELES,Emergency - Basic,437,General Acute Care Hospital,(909) 865-9500,RICHARD E YOCHUM,CEO,WWW.PVHMC.ORG,POMONA VALLEY HOSPITAL MEDICAL CENTER,HFS,19,,61,,1,,,,,,,,,,,17320,296336,37447,20017,84590,30138,88296,405601161,499840202,4636957,504477159,73885685,462454147,42023012,2542.72,484.13,252.39,78223039,435389275,2115951259,3079812885,66.67,67.62,58.73,54.4,23.72,21.45,4.4,16,328,7.9,47,420,3.3,23,408
106361144,CHINO VALLEY MEDICAL CENTER,240000125,Parent Facility,5451 WALNUT AVENUE,CHINO,91710,SAN BERNARDINO,Emergency - Basic,126,General Acute Care Hospital,(909) 464-8600,JAMES LALLY,CEO,WWW.CVMC.COM,VERITAS HEALTH SERVICES INCORPORATED,HFS,2,,45,,,,,,1,,,,,,25335,1802,11336,,5156,37787,14997,16213,107961958,93406368,478629,93884997,27526575,86745990,7139007,3292.87,656.37,135.97,17388619,25747243,246366741,389822954,51.34,71.17,39.66,38.84,14.32,,1.9,1,21,0,0,24,0.6,1,79
106121051,REDWOOD MEMORIAL HOSPITAL,110000173,Parent Facility,3300 RENNER DRIVE,FORTUNA,95540,HUMBOLDT,Emergency - Basic,35,General Acute Care Hospital,(707) 725-3361,"DAVID O'BRIEN, M.D.",CEO,WWW.STJOSEPHEUREKA.ORG,ST. JOSEPH HEALTH SYSTEM,HFS,1,,8,,1,,,,,,,,,,3235,,15532,,1451,11269,2543,4951,74001502,39113836,952731,40066567,7205383,36044529,4022038,3066.59,,,18510546,14098626,105769313,158125043,55,53.11,44.69,45.58,20.72,16.99,.,.,.,29,1,7,5.8,2,17
106450940,SHASTA REGIONAL MEDICAL CENTER,230000023,Parent Facility,1100 BUTTE STREET,REDDING,96001,SHASTA,Emergency - Basic,226,General Acute Care Hospital,(530) 244-5400,RANDALL HEMPLING,CEO,WWW.SHASTAREGIONAL.COM,"PRIME HEALTHCARE SERVICES, INC.",HFS,9,5,99,,,,,,1,,,,,,20649,4446,50363,,7014,39574,10463,22970,96422064,157273691,590130,157863821,30852336,134224802,23639019,2346.04,321.98,111.79,27464076,106507289,704559893,864367646,55.49,56.21,41.07,42.98,13.63,14.36,4.2,9,158,12.5,11,123,0.5,3,254
106341051,"SUTTER MEDICAL CENTER, SACRAMENTO",030000102,Parent Facility,2825 CAPITOL AVE,SACRAMENTO,95816,SACRAMENTO,Emergency - Basic,523,General Acute Care Hospital,(916) 454-2222,CARRIE OWEN-PLIETZ,CEO,SUTTERMEDICALCENTER.ORG,SUTTER HEALTH,HFS,53,,264,,1,,,,,,,,,,16947,3645,101156,9977,28553,79177,33231,55843,1204648963,901987344,22155980,924143324,195173758,823959819,100183505,3757.9,584.24,235.06,64137153,335770247,1935608187,3148939692,77.69,78.43,67.5,66.01,24.46,26.53,6.1,12,136,8.5,29,251,3,11,264
106334564,TEMECULA VALLEY HOSPITAL,550002434,Parent Facility,31700 TEMECULA PKWY,TEMECULA,92592,RIVERSIDE,Emergency - Basic,140,General Acute Care Hospital,(951) 331-2200,DARLENE WETTON,CEO,WWW.TEMECULAVALLEYHOSPITAL.COM,UNIVERSAL HEALTH SYSTEMS INC.,HFS,,,,,,,,,1,,,,,,13839,467,20240,4572,3832,24246,4276,4383,185380763,72460811,352928,72813739,15926310,84800136,-11986397,3457.63,563.55,117.09,10411155,26058300,156912563,253345341,37.34,32.46,65.7,54.19,10.9,14.56,5.3,19,331,8.2,13,149,1.6,6,200
106070904,DOCTORS MEDICAL CENTER - SAN PABLO,110000485,Parent Facility,2000 VALE ROAD,SAN PABLO,94806,CONTRA COSTA,Emergency - Basic,189,General Acute Care Hospital,(510) 970-5000,KATHY WHITE,INTERIM CEO,WWW.DOCTORSMEDICALCENTER.ORG,WEST CONTRA COSTA HEALTH DISTRICT,HFS,6,,48,,,,,,,,,,,1,14764,1215,23439,4682,3803,32564,13296,19702,61552688,83370938,315757,83686695,12691172,125856384,-42169689,3254.72,728.05,264.67,18298808,60733155,275862265,460893416,66.19,65.57,69.85,68.48,26.23,29.71,16.5,3,22,0,0,8,3.1,2,56
106304460,HOAG ORTHOPEDIC INSTITUTE,550001431,Parent Facility,16250 SAND CANYON AVENUE,IRVINE,92618,ORANGE,,70,General Acute Care Hospital,(949) 517-3149,DEREESA REID,CEO,WWW.ORTHOPEDICHOSPITAL.COM,HOAG MEMORIAL HOSPITAL PRESBYTERIAN AND PHYSICIANS,HFS,45,,124,,,,,1,,,,,,,,6,33165,1719,3308,,,,101073606,76735541,-32334,76703207,4713017,56464315,20238892,,416.91,272.96,2904556,6405238,211301698,230775434,,,,,,,.,.,.,.,.,.,.,.,.
106190547,MONTEREY PARK HOSPITAL,930000108,Parent Facility,900 SOUTH ATLANTIC BOULEVARD,MONTEREY PARK,91754,LOS ANGELES,Emergency - Basic,101,General Acute Care Hospital,(626) 570-9000,PHILIP COHEN,CEO,,MONTEREY PARK HOSPITAL,KPMG,,,,,,,,,1,,,,,,6191,1553,7503,355,4595,14333,6047,8071,54102387,76013617,941671,76955288,26785975,69807639,7147649,2497.19,325.67,352.16,9171119,79632630,397952260,490006866,55.34,52.79,42.72,46.07,18.44,18.38,6.4,2,15,10,2,40,2.9,2,94
106190631,PRESBYTERIAN INTERCOMMUNITY HOSPITAL,930000129,Parent Facility,12401 WASHINGTON BLVD.,WHITTIER,90602,LOS ANGELES,Emergency - Basic,547,General Acute Care Hospital,(562) 698-0811,JAMES R. WEST,CEO,HTTP://PIHHEALTH.ORG/,INTERHEALTH CORP.,KPMG,18,,60,,1,,,,,,,,,,113196,6662,163854,47982,20583,60703,19757,22004,1175433000,479797209,32551396,512348605,91651673,501293856,11054749,3319.61,477.2,224.72,94484185,368703175,2343989557,3285370536,51.78,64.05,47.34,50.18,15.74,19.47,5.2,32,458,6.5,29,346,1.3,10,461
106331312,RIVERSIDE COMMUNITY HOSPITAL,250000194,Parent Facility,4445 MAGNOLIA AVENUE,RIVERSIDE,92501,RIVERSIDE,Emergency - Basic,373,General Acute Care Hospital,(951) 788-3000,PATRICK BRILLIANT,PRESIDENT/CEO,,HCA CORP,HFS,23,,63,,,,,1,,,,,,,41203,5988,25127,6923,21942,99576,30378,39391,811035336,433806738,6811906,440618644,65111808,384914906,55703738,2583.72,472.31,156.76,63643005,180884529,1995257008,2914023209,66.71,64.03,52.91,52.93,22.52,23.38,7.5,33,509,7.3,27,326,2,13,534
106430905,STANFORD HEALTH CARE,070000662,Parent Facility,300 PASTEUR DRIVE,PALO ALTO,94305,SANTA CLARA,Emergency - Basic,613,General Acute Care Hospital,(650) 723-4000,AMIR DAN RUBIN,CEO,WWW.STANFORDHOSPITAL.ORG,STANFORD UNIVERSITY HOSPITAL,HFS,90,113,1099,,1,,,,,,,,,,75809,9879,187394,106030,25092,43034,8152,45713,4666718351,2705571546,148133611,2853705157,301441814,2561772519,291932638,5365.06,987.54,516.73,169789957,1310672569,7569852839,10882262404,90.33,86.88,78.35,80.74,28.55,31.54,6.4,13,169,5.8,37,360,2.2,13,366
106331164,DESERT REGIONAL MEDICAL CENTER,250000139,Parent Facility,1150 NORTH INDIAN CANYON DRIVE,PALM SPRINGS,92262,RIVERSIDE,Emergency - Comprehensive,385,General Acute Care Hospital,(760) 323-6511,CAROLYN CALDWELL,CEO,WWW.DESERTMEDCTR.COM,TENET HEALTHCARE CORP,KPMG,17,,60,,,,,,1,,,,,,33121,2872,135074,52869,19241,57545,21062,32121,308496154,463945381,4086014,468031395,85036874,391707065,76324330,1999.73,322.86,150.35,62730863,322610065,2019485686,2784476447,67.59,59.81,55.58,53.54,18.97,21.67,9,30,376,9.2,53,442,3,9,292
106521041,ST. ELIZABETH COMMUNITY HOSPITAL,230000036,Parent Facility,2550 SISTER MARY COLUMBA DRIVE,RED BLUFF,96080,TEHAMA,Emergency - Basic,76,General Acute Care Hospital,(530) 225-6374,TODD SMITH,PRESIDENT,WWW.MERCY.ORG,DIGNITY HEALTH,KPMG,,,29,1,,,,,,,,,,,7764,,5219,,3058,27255,3923,7073,176387757,74872483,2678086,77550569,12696132,77482934,67635,2663.93,391,370.81,15364399,15608856,165789352,320496735,62.16,62.81,58.18,56.4,24.47,26.5,6.6,1,5,2.7,1,37,2.6,3,86
106301279,UNIVERSITY OF CALIFORNIA IRVINE MEDICAL CENTER,060000148,Parent Facility,101 CITY DRIVE SOUTH,ORANGE,92868,ORANGE,Emergency - Comprehensive,414,General Acute Care Hospital,(714) 456-5678,TERRY BELMONT,"CEO, UCIMC",WWW.UCIHS.UCI.EDU,REGENTS OF THE UNIVERSITY OF CALIFORNIA,HFS,36,17,724,,1,,,,,,,,,,47253,24237,119545,75555,19268,26918,5851,56893,1321868961,884128479,69172167,953300646,92791227,840108014,113192632,2983.06,396.55,302.82,125050702,545309994,2199532923,3428977917,48.99,50.25,49.88,49.1,18.33,18.82,6.4,7,109,6.6,52,409,2.5,8,213
106370759,PARADISE VALLEY HOSPITAL,090000086,Parent Facility,2400 EAST FOURTH STREET,NATIONAL CITY,91950,SAN DIEGO,Emergency - Basic,227,General Acute Care Hospital,(619) 470-4280,LUIS LEON,CEO,WWW.PARADISEVALLEYHOSPITAL.ORG,PRIME HEALHCARE SERVICES INC,HFS,,,19,,,,,,1,,,,,,7755,1020,33371,18108,10151,26935,9811,13316,85722597,122046624,841952,122888576,29994223,132572550,-9683974,2218.53,382.58,202.78,8730706,64712821,251814088,490169845,51.16,49.69,40.54,40.22,15.54,16.93,2.2,3,60,6.6,4,53,0.3,1,204
106301317,SADDLEBACK MEMORIAL MEDICAL CENTER,060000166,Parent Facility,24451 HEALTH CENTER DRIVE,LAGUNA HILLS,92653,ORANGE,Emergency - Basic,252,General Acute Care Hospital,(949) 837-4500,STEPHEN B. GIEDT,CEO,WWW.MEMORIALCARE.ORG,MEMORIAL HEALTH SERVICES,HFS,,,82,,1,,,,,,,,,,40058,2024,130747,8273,14708,39928,4990,5751,455253632,355301576,4240092,359541668,43416879,331690868,27850800,2135.28,475.96,275.43,28996642,69898696,867470990,1266029400,56.32,63.42,46.81,47.18,19.23,23.95,4.1,14,264,7.3,21,260,1.9,14,325
106370782,UC SAN DIEGO HEALTH HILLCREST - HILLCREST MEDICAL CENTER,090000101,Parent Facility,200 WEST ARBOR DRIVE,SAN DIEGO,92103,SAN DIEGO,Emergency - Comprehensive,390,General Acute Care Hospital,(619) 543-6222,PAUL VIVIANO,CEO,HTTP://HEALTH.UCSD.EDU,REGENTS OF THE UNIVERSITY OF CALIFORNIA,HFS,23,29,483,,,1,,,,,,,,,18365,,139613,38866,27899,44018,7822,51945,1814104061,1351228309,126031917,1477260226,188299783,1224870735,252389491,3372.66,267.61,254.93,95914482,513322169,2395585148,3442139318,58.27,57.74,48.82,48.86,20.02,22.38,6.9,13,233,6,31,278,1.9,14,659
106190081,BEVERLY HOSPITAL,930000389,Parent Facility,309 WEST BEVERLY BOULEVARD,MONTEBELLO,90640,LOS ANGELES,Emergency - Basic,224,General Acute Care Hospital,(323) 726-1222,ALICE CHENG,CEO,WWW.BEVERLY.ORG,BEVERLY COMMUNITY HOSPITAL ASSOCIATION,HFS,3,,47,,1,,,,,,,,,,7454,1566,16750,168,9177,28412,11395,13543,113264930,170601478,1808072,172409550,27770283,170349091,2060459,1777.75,382.95,248.7,19036194,23412244,254049007,347699110,55.08,50.31,40.36,44.2,14.02,17.11,5,12,155,9.1,7,96,1.2,3,195
106014233,EDEN MEDICAL CENTER,140000030,Parent Facility,20103 LAKE CHABOT RD,CASTRO VALLEY,94546,ALAMEDA,Emergency - Basic,130,General Acute Care Hospital,(510) 537-1234,GEORGE BISCHALANEY,PRESIDENT/CEO,WWW.EDENMEDCENTER.ORG,EDEN MEDICAL CENTER,HFS,13,6,138,,1,,,,,,,,,,20740,,45553,22055,8709,38133,13627,17228,477590123,291816103,9741853,301557956,69355540,293218060,8339896,4177.93,607.48,291.32,49132520,75195796,630856188,1084032153,74.61,84.62,73.79,73.75,27.74,27.91,2.4,1,17,6.5,38,367,1.9,6,188
106311000,SUTTER ROSEVILLE MEDICAL CENTER,030000083,Parent Facility,1 MEDICAL PLAZA DRIVE,ROSEVILLE,95661,PLACER,Emergency - Basic,328,General Acute Care Hospital,(916) 781-1000,PAT BRADY,CEO,WWW.SUTTERROSEVILLEHOSPITAL.ORG,SUTTER HEALTH,HFS,27,,116,,1,,,,,,,,,,35656,,175538,22632,19211,64722,18452,23374,362711542,541182263,6595076,547777339,68618940,459737295,88040044,3282.35,905.09,281.25,23118822,205497259,1083937324,1686544872,72.85,67.11,65.74,65.27,26.83,24.23,2.6,7,274,7.1,23,266,2.2,13,319
106190148,CENTINELA HOSPITAL MEDICAL CENTER,930000027,Parent Facility,555 EAST HARDY STREET,INGLEWOOD,90301,LOS ANGELES,Emergency - Basic,369,General Acute Care Hospital,(310) 680-8200,LINDA BRADLEY,CEO,WWW.CENTINELAMED.COM,PRIME HEALTHCARE SERVICES,HFS,14,,74,,,,,,1,,,,,,44420,1413,52755,33122,17414,52805,23656,28242,289731329,271252663,1913835,273166498,56615945,221315428,51851070,1887.38,293.03,136.39,48542301,146913294,852727891,1325546964,61.85,61.58,43.26,44.56,17.49,18.1,1.7,7,217,3.8,13,231,0.4,7,976
106350784,HAZEL HAWKINS MEMORIAL HOSPITAL,070000004,Parent Facility,911 SUNSET DRIVE,HOLLISTER,95023,SAN BENITO,Emergency - Basic,119,General Acute Care Hospital,(831) 637-5711,KEN UNDERWOOD,CEO,WWW.HAZELHAWKINS.COM,SAN BENITO HEALTHCARE DISTRICT,CDL,2,3,20,,,,,,,,,,,1,7010,,54824,12464,2497,15275,2455,15664,109642207,84365992,3075099,87441091,8134367,93357484,-5916393,2679.37,495.63,277.19,8690509,18388902,182890991,269583083,73.62,75.3,72.32,74.98,22.94,,0,0,15,0,0,19,0,0,55
106301283,GARDEN GROVE HOSPITAL AND MEDICAL CENTER,060000152,Parent Facility,12601 GARDEN GROVE BLVD.,GARDEN GROVE,92843,ORANGE,Emergency - Basic,167,General Acute Care Hospital,(714) 537-5160,VIRG NARBUTAS,CEO,WWW.GARDENGROVEHOSPITAL.COM,PRIME HEALTHCARE SERVICES,HFS,,,12,,,,,,1,,,,,,10926,1657,13531,272,6042,23482,10317,13195,80526783,82802173,356818,83158991,17422797,79633756,3525235,2252.58,474.23,178.43,8442225,26183429,244540977,389084213,56.24,53.87,46.46,41.66,16.92,20.94,0.9,1,39,0,0,38,1,2,93
106500967,OAK VALLEY HOSPITAL DISTRICT,030000069,Parent Facility,350 SOUTH OAK STREET,OAKDALE,95361,STANISLAUS,Emergency - Basic,35,General Acute Care Hospital,(209) 847-3011,JOHN MCCORMICK,CEO,,OAK VALLEY DISTRICT HOSPITAL,HFS,2,3,24,,,,,,,,,,,1,200,,16076,,1109,22536,6711,37431,135757063,51429711,1900424,53330135,6446052,59304529,-5974394,3765.2,530.18,171.66,10677294,5925454,101078830,194927218,60.34,56.27,39.83,43.89,13.12,,5.1,10,151,5.2,8,125,1.3,6,256
106260011,MAMMOTH HOSPITAL,240000008,Parent Facility,85 SIERRA PARK ROAD,MAMMOTH LAKES,93546,MONO,Emergency - Standby,17,General Acute Care Hospital,(760) 993-4331,GARY MYERS,CEO,,SOUTHERN MONO HEALTHCARE DISTRICT,HFS,2,2,13,,,,,,,,,,,1,,,63197,,574,7705,377,2130,89551498,54738073,603640,55341713,5628709,56785724,-1444011,7871.49,,,11555011,6089103,56530870,88025260,64.97,57.92,48.25,49.02,18.77,18.43,.,.,.,.,.,.,0,0,3
106040802,ORCHARD HOSPITAL,230000007,Parent Facility,240 SPRUCE STREET,GRIDLEY,95948,BUTTE,Emergency - Standby,45,General Acute Care Hospital,(530) 846-5671,JIM OPDAHL,INTERIM CEO,HTTP://WWW.ORCHARDHOSPITAL.COM/,BIGGS-GRIDLEY MEMORIAL HOSPITAL,HFS,,5,8,,1,,,,,,,,,,,,14363,,584,9132,4168,13934,14601474,18041196,940734,18981930,2584111,21832192,-2850262,2588.65,900.91,243.27,2512163,8279445,37654909,56619696,,,41.97,41.4,13.7,,0,0,5,0,0,3,0,0,8
106301098,AHMC ANAHEIM REGIONAL MEDICAL CENTER,060000080,Parent Facility,1111 WEST LA PALMA AVENUE,ANAHEIM,92801,ORANGE,Emergency - Basic,223,General Acute Care Hospital,(714) 774-1450,PATRICK PETRE,CEO,,AHMC HEALTHCARE INC,KPMG,12,19,144,,,,,1,,,,,,,,3931,23588,1814,12145,34994,7762,13116,60647278,195365616,904043,196269659,33395674,195984654,285005,1988.99,346.06,158.44,58397613,84245895,1018141369,1424268257,57.08,58.43,45.35,47.52,17.27,20.61,6.3,13,181,7.5,7,100,1.6,6,310
106190766,COAST PLAZA HOSPITAL,930000162,Parent Facility,13100 SOUTH STUDEBAKER ROAD,NORWALK,90650,LOS ANGELES,Emergency - Basic,117,General Acute Care Hospital,(562) 868-3751,RICK ROWE,CEO,,"AVANTI HOSPITALS, LLC",KPMG,15,,29,,,,,,1,,,,,,6798,391,6932,489,3114,10940,4369,6234,34748892,37323854,-1671476,35652378,11349017,44899007,-9246629,2260.82,530.89,458.82,4702099,18370470,123954497,204915545,39.86,40.81,33.9,37.25,14.04,15.4,2.9,1,14,8.7,2,24,4.2,5,102
106560481,VENTURA COUNTY MEDICAL CENTER,050000032,Parent Facility,3291 LOMA VISTA ROAD,VENTURA,93003,VENTURA,Emergency - Basic,223,General Acute Care Hospital,(805) 652-6058,BARRY FISCHER,CEO,,VENTURA COUNTY MEDICAL CENTER,HFS,10,49,222,,,,,,,,1,,,,8135,,85002,24816,11147,45326,13062,98810,597853193,208613917,28044450,236658367,52634082,304657703,-67999336,3104.98,223.92,251.82,28035769,77888761,458915615,960625307,52,30.49,44.36,45.81,18.72,18.96,0,0,29,9.2,10,78,3.3,4,109
106250956,MODOC MEDICAL CENTER,230000026,Parent Facility,228 WEST MCDOWELL AVENUE,ALTURAS,96101,MODOC,Emergency - Standby,87,General Acute Care Hospital,(530) 233-5131,KEVIN KRAMER,CEO,MODOCMEDICALCENTER.COM,MODOC COUNTY,HFS,,8,9,,,,,,,,,,,1,702,,3524,,255,3664,,,9604983,10815862,127053,10942915,1965225,14102552,-3159637,,,,1581145,1900887,7878598,24954471,21.89,46,35.09,41.56,12.26,,.,.,.,.,.,.,0,0,6
106320986,PLUMAS DISTRICT HOSPITAL,230000030,Parent Facility,1065 BUCKS LAKE ROAD,QUINCY,95971,PLUMAS,Emergency - Standby,25,General Acute Care Hospital,(530) 283-2121,JEFFREY KEPPLE,CEO,,PLUMAS HOSPITAL DISTRICT,HFS,,5,7,,,,,,,,,,,1,,,,,380,3869,,,13771855,18250902,2188919,20439821,2167029,20504154,-64333,,,,4041756,3138294,19371320,34280179,45.38,40.56,39.69,41.55,,,.,.,.,.,.,.,12.2,1,13
106301342,ST. JUDE MEDICAL CENTER,060000173,Parent Facility,101 EAST VALENCIA MESA DRIVE,FULLERTON,92835,ORANGE,Emergency - Basic,320,General Acute Care Hospital,(714) 992-3000,LEE PENROSE,PRESIDENT & CEO,WWW.STJUDEMEDICALCENTER.ORG,ST. JOSEPH HEALTH SYSTEM,HFS,23,80,612,,1,,,,,,,,,,59992,13640,205068,41610,13562,45390,798,7896,1042583662,447741568,10308502,458050070,96362475,434064613,23985457,5694.97,525.19,241.03,52197325,212211466,1237955153,1642904574,61.08,53.66,46.99,45.88,18.55,37.32,2.9,9,259,3.9,29,340,1.6,13,367
106014050,VALLEYCARE MEDICAL CENTER,140000114,Parent Facility,5555 WEST LAS POSITAS BLVD.,PLEASANTON,94588,ALAMEDA,Emergency - Basic,167,General Acute Care Hospital,(925) 847-3000,SCOTT GREGERSON,PRESIDENT & CEO,VALLEYCARE.COM,THE HOSPITAL COMMITTEE OF LIVERMORE,KPMG,12,,30,,1,,,,,,,,,,13817,3280,292266,95893,8267,25713,3660,11175,181424685,239728081,9639831,249367912,24753541,259759491,-10391579,4054.36,367.34,262.14,28658266,68147683,794547519,1170738738,68.32,70.67,63.15,64.88,21.45,23.2,7,6,84,13.4,6,46,1.2,5,196
106301566,ORANGE COUNTY GLOBAL MEDICAL CENTER,060000188,Parent Facility,1001 NORTH TUSTIN AVENUE,SANTA ANA,92705,ORANGE,Emergency - Basic,282,General Acute Care Hospital,(714) 953-3500,DAN BROTHMAN,CEO,WESTERNMEDICALCENTER.COM,"INTEGRATED HEALTHCARE HOLDINDS, INC",KPMG,10,,22,,,,,,1,,,,,,14394,3172,22261,5844,7008,19338,6640,10975,54532824,201319815,1192367,202512182,17925105,157261912,45250270,2143.18,412.05,142.79,16495785,63297889,517818375,708348113,58.3,59.7,46.83,48.08,18.25,24.09,6.4,6,122,9.2,14,146,3.6,4,111
106380965,"ST. MARY'S MEDICAL CENTER, SAN FRANCISCO",220000071,Parent Facility,450 STANYAN STREET,SAN FRANCISCO,94117,SAN FRANCISCO,Emergency - Basic,403,General Acute Care Hospital,(415) 668-1000,ANNA CHEUNG,PRESIDENT & CEO,WWW.STMARYSMEDICALCENTER.ORG,DIGNITY HEALTH,KPMG,10,,39,1,,,,,,,,,,,15173,2087,124991,49169,5785,14458,1915,8239,141633845,203053309,5317211,208370520,41219969,224892438,-16521918,4570.28,306.84,,79636211,64494306,563977181,857799158,66.25,73.95,77.84,90.55,29.12,30.01,6.3,7,88,8.1,6,69,2.5,9,175
106121080,ST. JOSEPH HOSPITAL - EUREKA,110000075,Parent Facility,2700 DOLBEER STREET,EUREKA,95501,HUMBOLDT,Emergency - Basic,138,General Acute Care Hospital,(707) 445-8121,"DAVID O'BRIEN, M.D.",CEO,WWW.STJOSEPHEUREKA.ORG,ST. JOSEPH HEALTH SYSTEM,HFS,2,14,44,,1,,,,,,,,,,16985,2402,54098,20076,6351,28866,4014,11264,255545788,205118737,3891181,209009918,37054291,196999312,12010606,4047.82,485.36,249.01,24589813,134699860,669769848,888964404,43.98,54.84,42.28,44.66,14.53,,2.5,5,162,7.9,4,72,1.8,6,167
106394009,KAISER FOUNDATION HOSPITAL - MANTECA,030000393,Parent Facility,1777 WEST YOSEMITE AVENUE,MANTECA,95337,SAN JOAQUIN,Emergency - Basic,99,General Acute Care Hospital,(209) 825-3500,BERNARD TYSON,CHAIRMAN,WWW.KP.ORG,KAISER FOUNDATION HOSPITALS,HFS,28,4,437,,1,,,,,,,,,,,,16819,,9805,61421,5310,5425,,,,,,,,,,,,,,,,,,,,,0.6,1,116,6.2,6,75,1.2,6,220
106291053,TAHOE FOREST HOSPITAL,230000151,Parent Facility,10121 PINE AVE,TRUCKEE,96161,NEVADA,Emergency - Basic,72,General Acute Care Hospital,(530) 587-6011,ROBERT SCHAPPER,CEO/ADMINISTRATOR,WWW.TFHD.COM,TAHOE FOREST HOSPITAL DISTRICT,HFS,5,,19,,,,,,,,,,,1,3451,1505,66210,11876,1701,12704,723,2760,245028518,98902273,1445893,100348166,15624226,111963745,-11615579,3917.8,517.43,478.15,5282505,30742950,120697777,174319069,,,56.17,57.9,19.32,20.75,.,.,.,.,.,.,0,0,18
106380960,ST. FRANCIS MEMORIAL HOSPITAL,220000069,Parent Facility,900 HYDE STREET,SAN FRANCISCO,94109,SAN FRANCISCO,Emergency - Basic,288,General Acute Care Hospital,(415) 353-6000,JIM HOUSER,CEO/PRESIDENT,WWW.SAINTFRANCISMEMORIAL.ORG,DIGNITY HEALTH,KPMG,11,,94,,1,,,,,,,,,,4525,922,115646,,6032,28086,5552,8492,286253415,196659479,3189866,199849345,41743084,214769116,-14919771,3806.74,434.16,326.14,19518861,62537944,450441341,877214299,77,77.79,78.53,78.09,28.89,32.34,4.9,2,17,7.4,12,100,0.9,1,122
106370689,SHARP CORONADO HOSPITAL AND HEALTHCARE CENTER,090000036,Parent Facility,250 PROSPECT PLACE,CORONADO,92118,SAN DIEGO,Emergency - Basic,59,General Acute Care Hospital,(619) 522-3600,SUSAN STONE,C. E. O.,HTTP://WWW.SHARP.COM/CORONADO/,SHARP HEALTHCARE CORPORATION,HFS,,,,,1,,,,,,,,,,3912,764,46655,8058,2359,11665,2242,2491,41181918,72624491,1211450,73835941,9406294,75830299,-1994358,3488.28,342.8,270.06,9248305,36716992,184556079,263618574,62.41,60.62,54.36,55.69,16.76,18.2,0,0,3,6.9,1,16,1.8,1,30
106364231,ARROWHEAD REGIONAL MEDICAL CENTER,240000197,Parent Facility,400 N. PEPPER AVENUE,COLTON,92324,SAN BERNARDINO,Emergency - Basic,456,General Acute Care Hospital,(909) 580-1000,WILLIAM T. FOLEY,CEO,WWW.ARROWHEADMEDCENTER.ORG,SAN BERNARDINO COUNTY,HFS,10,32,266,,,,,,,,1,,,,198973,3456,28451,12254,22381,86702,19457,99793,607144528,413627286,85198075,498825361,73732257,494716733,4108628,2246.51,501.72,147.01,43092947,100509306,831996523,1270824768,52.13,57.12,42.1,46.44,14.93,21.1,0,0,61,0,0,194,0,0,330
106361110,BEAR VALLEY COMMUNITY HOSPITAL,240000111,Parent Facility,41870 GARSTIN DRIVE,BIG BEAR LAKE,92315,SAN BERNARDINO,Emergency - Standby,30,General Acute Care Hospital,(909) 866-6501,RANDY SIMMONS,INTERIM CEO,BEARVALLEYCOMMUNITYHOSPITAL.COM,BEAR VALLEY COMMUNITY HOSPITAL,HFS,,,,,,,,,,,,,,1,2701,,13544,,196,9374,568,2285,14382096,16239512,572940,16812452,3326821,20552473,-3740021,,,258.21,3354376,1472675,21392790,38329623,48.45,,43.63,45.99,15.81,12.84,.,.,.,.,.,.,0,0,7
106361318,SAN ANTONIO REGIONAL HOSPITAL,240000196,Parent Facility,999 SAN BERNARDINO ROAD,UPLAND,91786,SAN BERNARDINO,Emergency - Basic,271,General Acute Care Hospital,(909) 985-2811,HARRIS KOENIG,PRESIDENT,SACH.ORG,SAN ANTONIO COMMUNITY HOSPITAL,HFS,28,,77,,1,,,,,,,,,,4473,9473,170305,,15578,65893,14382,23767,602684285,286360944,2405168,288766112,32728915,280806175,7959937,1904.63,319.32,152.94,91642113,164488424,984882176,1413204844,64.65,68.36,47.61,49.27,16.49,20.16,6.7,24,395,7.1,27,301,1.9,14,431
106341006,UNIVERSITY OF CALIFORNIA DAVIS MEDICAL CENTER,030000086,Parent Facility,2315 STOCKTON BOULEVARD,SACRAMENTO,95817,SACRAMENTO,Emergency - Comprehensive,621,General Acute Care Hospital,(916) 734-9136,ANN MADDEN-RICE,CEO,WWW.UCDMC.UCDAVIS.EDU,UC DAVIS MEDICAL CENTER,HFS,62,22,829,,,1,,,,,,,,,,8415,121708,36199,33799,49454,14096,86897,1674602677,1746371450,25534921,1771906371,218444073,1547497217,224409154,3480.74,453.36,304.29,201457465,1247492726,4879998682,7283717263,75.15,70.55,63.5,64.9,19.41,30.18,2.4,7,278,7.1,34,365,1.5,12,561
106531059,TRINITY HOSPITAL,230000038,Parent Facility,60  EASTER AVENUE,WEAVERVILLE,96093,TRINITY,Emergency - Standby,50,General Acute Care Hospital,(530) 623-5541,AARON ROGERS,CEO,WWW.MCMEDICAL.ORG,TRINITY HOSPITAL,HFS,,6,8,,,,,,,,,,,1,,,472,,379,4278,1702,12002,8266361,12152207,1166991,13319198,1584039,14219608,-900410,,,282.47,833968,1086106,8472635,23159956,49.32,,36.1,41.17,13.81,,0,0,3,.,.,.,0,0,10
106362041,HI-DESERT MEDICAL CENTER,240000231,Parent Facility,6601 WHITE FEATHER ROAD,JOSHUA TREE,92252,SAN BERNARDINO,Emergency - Basic,179,General Acute Care Hospital,(760) 366-6478,ROBERT TYK,C.E.O./PRESIDENT,WWW.HDMC.ORG,HI-DESERT MEMORIAL HOSPITAL DISTRICT,HFS,,1,12,,,,,,,,,,,1,4408,,21458,10214,3410,21810,1689,3147,48309455,59285674,312374,59598048,7203105,65628964,-6030916,1877.47,285.9,181.65,6682840,12932834,102430903,198937980,47.97,53.68,41.42,41.42,13.94,14.66,0,0,5,15.8,2,18,5.1,3,106
106121031,JEROLD PHELPS COMMUNITY HOSPITAL,110000052,Parent Facility,733 CEDAR STREET,GARBERVILLE,95542,HUMBOLDT,Emergency - Standby,17,General Acute Care Hospital,(707) 923-3921,HARRY JASPER,ADMINISTRATOR,WWW.SHCHD.ORG,SOUTHERN HUMBOLDT COMMUNITY HEALTHCARE DISTRICT,HFS,,2,4,,,,,,,,,,,1,,,850,,46,2793,,,5301558,6100712,63050,6163762,1252941,7449640,-1285878,,,,1492764,841930,4447352,12443497,,,33.36,33.59,13.34,,.,.,.,.,.,.,0,0,4
106190521,MEMORIAL HOSPITAL OF GARDENA,930000098,Parent Facility,1145 W. REDONDO BEACH BLVD.,GARDENA,90247,LOS ANGELES,Emergency - Basic,172,General Acute Care Hospital,(310) 532-4200,JOSHUA LUKE,CEO,WWW.MHGLAX.COM,AVANTI HEALTHCARE SYSTEM,KPMG,,,19,,,,,,1,,,,,,13922,741,21667,8001,6717,34266,15104,18245,100069352,124692346,1470285,126162631,24217866,107710386,18452245,1869.11,451.37,112.23,17382901,50053626,390473483,592572402,62.36,60.2,45.84,46.48,16.3,19.57,4.7,3,25,4.8,2,51,2,4,204
